"Task","Name","Named","Passed"
"02-程序集边界与纯数据.md","CustomAssemblyDoesNotReferenceAssemblyCSharp","False","False"
"05-ActionPlan与ActorLane.md","AttackImpactOccursAtResolvedWindupEnd","False","False"
"05-ActionPlan与ActorLane.md","AttackBudgetCostEqualsResolvedWindupPlusRecovery","False","False"
"05-ActionPlan与ActorLane.md","InvalidPrimaryTargetRelationTerminatesAsTargetInvalidWithoutRetargeting","False","False"
"05-ActionPlan与ActorLane.md","AutoDeferralRipplesOnlyEditableDependencyClosureRight","False","False"
"05-ActionPlan与ActorLane.md","AutoDeferralNeverMovesLockedRunningOrReactionPlan","False","False"
"05-ActionPlan与ActorLane.md","AutoDeferralPreservesLastRequestedStartTick","False","False"
"05-ActionPlan与ActorLane.md","AutoDeferralReusesCanonicalScheduleEvaluator","False","False"
"05-ActionPlan与ActorLane.md","SuccessfulSystemAutoDeferralIncrementsRevisionExactlyOnce","False","False"
"05-ActionPlan与ActorLane.md","FailedAutoDeferralTerminatesEditableAndReleasesPreLockArtifacts","False","False"
"05-ActionPlan与ActorLane.md","TerminalPlanCannotEmitUnfrozenOrFutureIntent","False","False"
"05-ActionPlan与ActorLane.md","ForcedDisplacementPlanInvalidationUsesSingleLifecycleEntry","False","False"
"05-ActionPlan与ActorLane.md","ReactionLaneOverlapIsRejectedWithoutPreemption","False","False"
"05-ActionPlan与ActorLane.md","ControlInvalidatesLockedReactionAsInterruptedByControl","False","False"
"05-ActionPlan与ActorLane.md","SchedulingFailureRollsBackPlanAndLane","False","False"
"07-TurnWindow与提交权限.md","BattleEndClosesWindowRevokesAuthorityAndClearsFutureScheduleWithoutRefund","False","False"
"08-多方仲裁与伤害.md","DodgeRelocationInvalidatesDependentMovesBeforeContactGraphBuild","False","False"
"08-多方仲裁与伤害.md","DodgeStillHitByAreaAttackInvalidatesOldOriginMovesWithoutSuccessReward","False","False"
"08-多方仲裁与伤害.md","DodgeInvalidatesOnlyDodgeableContactsMissingCommittedDestination","False","False"
"08-多方仲裁与伤害.md","DodgeStillGetsHitWhenAttackCoversCommittedDestination","False","False"
"08-多方仲裁与伤害.md","UndodgeableRetainsPreDodgeContactOutsideNewArea","False","False"
"08-多方仲裁与伤害.md","OrdinaryMoveOutsideAreaBeforeDodgeDoesNotCreateTrackingContact","False","False"
"08-多方仲裁与伤害.md","AllDodgesUseSamePreCommitContactSnapshot","False","False"
"08-多方仲裁与伤害.md","RetainedUndodgeableContactStillObeysClashAndResistanceRules","False","False"
"08-多方仲裁与伤害.md","DodgeCommitEmitsOneTriggerEvenWithoutSuccessfulAvoidance","False","False"
"08-多方仲裁与伤害.md","FailedDodgeCommitEmitsResolutionButNoTriggerOrReward","False","False"
"08-多方仲裁与伤害.md","DodgeWithoutContactsEmitsOneResolutionWithNullGroup","False","False"
"08-多方仲裁与伤害.md","DodgeCancelledBeforeTriggerDoesNotEmitTriggerOrResolution","False","False"
"08-多方仲裁与伤害.md","DodgeContactSetsEventsAndRewardsArePermutationInvariant","False","False"
"08-多方仲裁与伤害.md","DodgingStateWithoutTriggerCommitProvidesNoAvoidance","False","False"
"08-多方仲裁与伤害.md","DodgeAgainstMultipleAttacksGrantsOneStableCounterWindow","False","False"
"08-多方仲裁与伤害.md","BlockZeroesAllEligibleDamageAndMomentumOnTriggerTick","False","False"
"08-多方仲裁与伤害.md","BlockHandlesAllSameTickEligibleContactsIndependentOfOrder","False","False"
"08-多方仲裁与伤害.md","PartiallyBlockedContactKeepsBypassComponents","False","False"
"08-多方仲裁与伤害.md","FullyUnblockableContactIsIneffectiveHitAndDoesNotRewardBlock","False","False"
"08-多方仲裁与伤害.md","BlockingStateOutsideTriggerTickProvidesNoResistance","False","False"
"08-多方仲裁与伤害.md","GuardPartiallyReducesEligibleDamageAndMomentumOnlyWhileActive","False","False"
"08-多方仲裁与伤害.md","GuardDoesNotInvalidateContact","False","False"
"08-多方仲裁与伤害.md","DodgedAoeTargetDoesNotProtectOtherTargets","False","False"
"08-多方仲裁与伤害.md","BlockOrDodgeDoesNotTerminateAttackingPlan","False","False"
"08-多方仲裁与伤害.md","DefenseEffectsComeFromPlanTickAndPayloadNotStateEligibility","False","False"
"08-多方仲裁与伤害.md","DirectHitEligibilityIsCheckedOnlyAfterSpecialInteractionStages","False","False"
"08-多方仲裁与伤害.md","TargetDamageAndImpulseCommitOnceInStableOrder","False","False"
"08-多方仲裁与伤害.md","ForcedDisplacementPlanInvalidationPrecedesLaterInterceptTerminalRequest","False","False"
"08-多方仲裁与伤害.md","ForcedDisplacementBatchCommitsBeforeEventsStateControlAndDeath","False","False"
"08-多方仲裁与伤害.md","SimultaneousLethalHitsAllowMutualDeath","False","False"
"08-多方仲裁与伤害.md","LethalTargetIsDisplacedBeforeDeathRemovesFinalFootprint","False","False"
"08-多方仲裁与伤害.md","AttackUsesMovementSegmentInsteadOfVisualPosition","False","False"
"08-多方仲裁与伤害.md","InterruptedPlanLeavesLaneGapAndDoesNotRefundBudget","False","False"
"08-多方仲裁与伤害.md","ActionTerminalResolutionUsesUnifiedLifecycleEntry","False","False"
"08-多方仲裁与伤害.md","ClashTerminationRemovesUnfrozenAndFutureIntents","False","False"
"08-多方仲裁与伤害.md","InterceptedMovementReleasesReservationAndNeverCommitsFormerDestination","False","False"
"08-多方仲裁与伤害.md","LethalHitTerminatesVictimsEditableLockedAndRunningPlans","False","False"
"08-多方仲裁与伤害.md","GuardBlockOrDodgeDoesNotTerminateSourceAttackPlan","False","False"
"08-多方仲裁与伤害.md","DamageEventContainsPerChannelAndMomentumBeforeAfterValues","False","False"
"08-多方仲裁与伤害.md","AdrenalineAccrualUsesCommittedFinalDamageAggregatedOncePerUnit","False","False"
"08-多方仲裁与伤害.md","ClashAndSuccessfulReactionAccrualKeysCannotDuplicate","False","False"
"08-多方仲裁与伤害.md","FailedBlockOrDodgeProducesNoSuccessAccrualFact","False","False"
"08-多方仲裁与伤害.md","ResolutionCommitLeavesNoActiveArtifactReferencingTerminalPlan","False","False"
"08-多方仲裁与伤害.md","DamageEventContainsConflictGroupPlanAndUnitIds","False","False"
"08-多方仲裁与伤害.md","ArbitrationDamageAndDefenseShadowProfileHasNoUnclassifiedDifference","False","False"
