"Profile","Tick","Events","ComparedFieldObservations"
"dodge","11","8","35"
"still-hit","11","14","35"
"block-partial","11","12","35"
"aoe","11","17","38"
"aoe-block","11","18","38"
"guard","14","10","35"
"clash","16","20","35"
"clash-residual","16","25","35"
"three-way-clash","20","33","35"
"flanking","20","17","35"
"reservation","11","13","35"
"mutual-death","16","26","29"
"simultaneous-displacement","16","22","35"
"intercept","11","14","35"
"lethal-displacement","11","16","35"
"dodge-dependency","11","12","35"
