"Path","Bytes","SHA256"
"优化任务/执行记录/05-续作语义映射-2026-10-10.md","4418","4fb387b01d1bb0391ac6cb33efc4a6cfc272e06ecf180e879f7b886418bfcc00"
"优化任务/执行记录/10-11-续作记录-2026-10-10.md","16400","ebf95002cc01255e47ea676efc740c41adffa95f3b0181584514efed40391efd"
"优化任务/执行记录/10-11-completion-editmode-before-window-assertion.xml","674867","ea5722c4c0dc04f55adf2cc007d4bee319c25a9fca47b098c8b512452a5a7da6"
"优化任务/执行记录/10-11-completion-editmode-results.xml","673466","119e83ee3c82cbd5a3a50fcc18d1d08ba72182a34642a162f2e389d48f177d19"
"优化任务/执行记录/10-11-completion-playmode-before-profile-assertions.xml","76606","2640117d0297f3d87a5dbbf93e09625a827ee2253ad7d1d5792c20714f8992eb"
"优化任务/执行记录/10-11-completion-playmode-results.xml","59047","43eb1ff99f40864bd515033e3278d0cd926b543702e5ae0c0c7b9ccc554a1df4"
"优化任务/执行记录/10-11-completion-required-execution.csv","147610","8ab4416821211f52dbc3f56dcdbb121e26629020c09391dbc350d25aeaaccb8f"
"优化任务/执行记录/10-11-wired-input-before-budget-selection.xml","60556","68f4f964411e31f9cc04dac2ab563fd1b93c7b2cd1b5b7fb03cd8a6e4ded19b8"
"优化任务/执行记录/10-交接记录.md","7228","7e1c37cd613011f1546de8c0b12a13b53d44664036bb459a7bd4ddea01343884"
"优化任务/执行记录/10-completion-editmode-results.xml","647019","3cea8548d9376042ea7a339bb96fe4117f5d6dc0658f625f854a310a728100ba"
"优化任务/执行记录/10-completion-harness.ps1","15950","e9ed1bdce0f5c00f37c5f7b5a9de06fbf84053ff7d0edea10dbf199b503c189a"
"优化任务/执行记录/10-completion-logic-results.xml","147684","4c5f280d70fa47d640b1f1585d1a33b4ebce8673e238eb663acc2c5957ec482f"
"优化任务/执行记录/10-completion-view-model-managed-results.xml","4060","86dbffd4a6bd0481190ae6378eede8a6700f94a95b091b974da12504a50aa4bf"
"优化任务/执行记录/10-layout-visual-results.xml","4177","727a61ede0df37dde9c3670704fe04c4ff08e9a835f3109fb252a52f4d472d28"
"优化任务/执行记录/10-main-new-ended.png","735575","a2f916c845115136e4e14ccf370d9392124eeb1aae5e562b596c0a093c495e33"
"优化任务/执行记录/10-main-new-start.png","739936","3e261a3e0622035adf56ee3ff5fbdccce1258284493e816fc66fedda67f8bae4"
"优化任务/执行记录/10-preview-chain-before-results.xml","153607","6e96cd9b28df2f0ee4f4b8c9ad89f06ac1cc61c8e96eb778b908ab99223d619d"
"优化任务/执行记录/10-reaction-before-footprint-fix.xml","11951","e67dd9a3bc7ee3a48db90308f0af5749a4317ab558f818ac68a5b8d57e69a3e4"
"优化任务/执行记录/10-reaction-wired-results.xml","5324","accbbb4783b9d46e9d89cef69fa0046120b318f142ba13ef29367b51bca9bc3f"
"优化任务/执行记录/10-timeline-wired-results.xml","5076","bcc3e16b99eafbb2e1c82e915ad66537e15a1dc81e623cb4489a19ea6dd60997"
"优化任务/执行记录/11-开发版活动压力-2026-10-10.md","4708","43f7ddacb89139d7448e4af31ba8d8c70475f6fc4445e1b00dcf1db0ed2d42d7"
"优化任务/执行记录/11-最终验收.md","14455","2a2bc28f8eb2d2a013ce097281346d97c68e532ea8b81b3b9eeb8ddd2a4594a3"
"优化任务/执行记录/11-active-projection-logic-results.xml","157764","92dc480df795b65c99611496d05db79a96df334856423d61dd640eeabb826df6"
"优化任务/执行记录/11-cold-rollback-results.xml","62610","2f1c913cbc8d616bee5ad027fcc6601ed79adff070a8f7b7e4a26da59f00bd19"
"优化任务/执行记录/11-completion-final-editmode-results.xml","687736","001304548edff4803a5af639d477a4ff5d0fc1479b21c346d56c3c8d8b27cbf6"
"优化任务/执行记录/11-completion-final-playmode-results.xml","67884","a367e2563e931f29a1241ac1f36eaec5609f77ec0c980224738728046d158153"
"优化任务/执行记录/11-completion-phase-allocation.csv","949","2a675ff3c61a081c327d7db6e7ef337d3d5802f1e53ce3e7fdc5a04c966e484f"
"优化任务/执行记录/11-completion-project-audit.txt","28674","c418ea300e535ebf92ced29edab7534489555fab1cae7160b8e4a9eb134ec650"
"优化任务/执行记录/11-completion-reaction-history-diagnostic.csv","1067","8468b16e683dd960e70b859008229a9ff36b4db09749b98399798535a09e3ae2"
"优化任务/执行记录/11-completion-reaction-history-optimized.csv","1067","a5cbd482c44274ef73009f6ccd0ff2a66ba13ddbd16a27429fbef40bf2bafa25"
"优化任务/执行记录/11-completion-terminal-history-diagnostic.csv","922","4d6a487056f141b984771dd1777e6cd41b5529cf5bfdfcdaea2657ee7d6d5abe"
"优化任务/执行记录/11-completion-terminal-history-optimized.csv","920","1df5a0e2b1d1461f4f41576c69ef11126d926ecb3c66c4bde6f0a84eba24ab65"
"优化任务/执行记录/11-completion-window-benchmark.cs","9597","9c5abb44a64a74a7d29904fd72d8babf4f9a23f6e1099f0992e92ff45d0206ba"
"优化任务/执行记录/11-completion-window-history-diagnostic.csv","783","b2b92a08c4f49a98b16f772414f6f8eafdb443b8fdab0dfc3d3dfb7c2a2da69a"
"优化任务/执行记录/11-completion-window-history-optimized.csv","779","20c4e9cd456c88ead9d2282b2f2070b5247cf2ef446bb2397596fee6cda2f0f3"
"优化任务/执行记录/11-completion-window-history-profiled.csv","783","f9ef53f33e537b511d9ce9611e6e8eb0da0d6a9511ee196b285fd9220c5c48a1"
"优化任务/执行记录/11-development-build-provenance.json","3723","a12e2029d49f208c56b3285da23b095683689078887056b73e58764c5ec082c4"
"优化任务/执行记录/11-development-build-validation.txt","396","f861f2b7118f8a6c7d53a6efa915ab8ade0ce7f38e5452b91fc8875968673579"
"优化任务/执行记录/11-development-future-phase-2.csv","964","e87a92b6a3c24b5e5edd345db9091e155106f01acd74a49b118dd20666b125ed"
"优化任务/执行记录/11-development-future-phase-8.csv","970","e97d34538de0c34a9cc573484e07f9099fbe85928be06c49adf71bd5632dc1fe"
"优化任务/执行记录/11-development-future-pressure-allocation-before.csv","837","b219e77fb72a3accafca61b2fe790209ce56720dfb47e924aac8045cbe0f26fa"
"优化任务/执行记录/11-development-future-pressure-allocation-before.txt","1269","abde05335538ffd4f16e6f8113ff9f3ff8f002e2ad8f4e8ee8532fc9d230e17f"
"优化任务/执行记录/11-development-future-pressure-allocation-first-optimized.csv","837","dabf7abd25e61bb9a25c0ccc45458dbc3540a9b676d27b8b785f9cf6d32b842f"
"优化任务/执行记录/11-development-future-pressure-allocation-unavailable.csv","825","743ad430e4ba25bb0a1c0eed05c2e1d74957e27592174bf8c7808444d9cbfb7e"
"优化任务/执行记录/11-development-future-pressure-allocation-unavailable.txt","1145","f6ee67f6b8aae4afa34e9b3f6ea5c6ad548265fbf80c148672659d6971210274"
"优化任务/执行记录/11-development-future-pressure-allocation.csv","1759","3325b820a5f562ba97966ed9c24f1f859885a2e632535e86037f9811d060c275"
"优化任务/执行记录/11-development-future-pressure-before.csv","1691","57547bc95f58f80db95f797f65c6e54ae95ca76ba9ad351e3f8cb67ac96ec568"
"优化任务/执行记录/11-development-future-pressure-quick-validation.txt","928","61a1f800bc301b8cb0675e57afa357e6ff6872434153af37b32fed650c508b76"
"优化任务/执行记录/11-development-future-pressure-quick.csv","642","961a8da7167e14014c903cb9bd172e1130dfd8a69db0f31d627b5620ccf3dede"
"优化任务/执行记录/11-development-future-pressure-validation.txt","1653","34336898b7503bf359c26c3ff8e97ba0d707641e51e987c87cb64d88581416d4"
"优化任务/执行记录/11-development-future-pressure.csv","1691","57547bc95f58f80db95f797f65c6e54ae95ca76ba9ad351e3f8cb67ac96ec568"
"优化任务/执行记录/11-development-player-validation.txt","922","3b3fc213176a7d7b62c59b9d463abf1bb9b9cdd3511671c3a2c2ca228ac01490"
"优化任务/执行记录/11-footprint-logic-results.xml","155574","3110b3f490a1a87030733184c202723ae740148e081f38e15a836b68b781c3b3"
"优化任务/执行记录/11-full-scene-replay-results.xml","60475","92b4908e635c8e83e963fc035d66352d3d3f518583b5f2cc9631c4f45c85dad6"
"优化任务/执行记录/11-full-scene-smoke-after-budget-results.xml","62546","bac8cad6b99188f913a4003dcec5002d32acf4d99bbdafe7c30860801412191c"
"优化任务/执行记录/11-full-scene-smoke-before-results.xml","66503","38617306039ae84322c1567f4a939b483915b48095776c0d912c27a766c71572"
"优化任务/执行记录/11-full-scene-smoke-results.xml","60068","da292973c487f3f3eee8d836059c064aa897e65053555a33d70e3c9890397e0b"
"优化任务/执行记录/11-future-guard-logic-results.xml","156172","1ab972c7c7051edcb885eed4e03e67c7cfa5b9033a7e08a91f6736a0ead13dcb"
"优化任务/执行记录/11-initialization-before-assertion.xml","61466","cc682b64cebd5539d54faa33d465cb3449bb1109c76be9549e178db1fe497cb3"
"优化任务/执行记录/11-pressure-instrumentation-logic-results.xml","155862","7fe953535a2309dccf0874c26a04121e16efbf5e30c96c313fb77da46e4f3d10"
"优化任务/执行记录/11-reaction-history-editmode-results.xml","676476","334e38b2dd5612cadfe85964dcfc2be814a97ced5a45e393cc20a58995f0e1ac"
"优化任务/执行记录/11-reaction-history-logic-results.xml","155028","20296d294e70eec03e45adaa27e72866cfeef0456db7e0997db808cc5d23ea89"
"优化任务/执行记录/11-window-history-before-results.xml","151490","d20310c1046ef3ae5a20766dcc950fef7787f44d280d3fdfd28ab46af8fabeef"
"优化任务/执行记录/11-window-history-logic-results.xml","152788","62ddf4b0bd3c421afe35eebc33c8452cf0c6928576c4d0a06497f44b84af4e28"
"Assets/Materials.meta","172","eac8b5f02d574de8e6eabf3afd594d2431f6c95214c10eacb66a4b9f53b566be"
"Assets/Materials/NewBattleFootprints.mat","1952","5aee337210bad3da9dbd5b4e76ce9948119285ad8a4426bbe4f61dfbaa7f34a8"
"Assets/Materials/NewBattleFootprints.mat.meta","188","c1a15465704be8d20135ab1e107abf740cbb3a81b7c7de3e437692c878694c72"
"Assets/Scenes/CombatSampleScene.unity","232322","69aa4bb57b7cd2bbd0daab06cc1982c0c5a0dffef85477a0099f9b6a0ddc5705"
"Assets/Scripts/Editor/RuntimeOwnership/Task10SceneMigration.cs","16193","24791eddef1637257c4dab061d10565b190cbb7a6f68ba0dbc547f16724ee2d2"
"Assets/Scripts/Editor/RuntimeOwnership/Task10SceneMigration.cs.meta","60","52a94ef33a8a98013b73b27f35cd5bf5b9b8503d63ab1335b8279a5474a4104e"
"Assets/Scripts/Editor/RuntimeOwnership/Task11Audit.cs","11701","114e5e34b9d2192e00295ad32b31071d199c0a1207ee25d0d2791b7fa2edcb76"
"Assets/Scripts/Logic/Actions/ActionPlan.cs","31123","10821df3d7bedcfde25723cf2b43d3349dd9ccd2125fdbddde36fb4ce22981ef"
"Assets/Scripts/Logic/AI/AiControllerLogic.cs","14417","b06afc20cc3f1b30c00f6d0de0cefff0c42eca10c2d32d545e5173940d8bb788"
"Assets/Scripts/Logic/AI/AiDecisionContext.cs","3065","dade38cd91650dbecbeaa3310a2191dbb5be04c86e457704f46b8375070e3db1"
"Assets/Scripts/Logic/AI/AiDecisionFunction.cs","9034","4fda1a6429aec8fd9ab30f69d81113c8be176712a5ce9b7c5e8b298bcde1ca65"
"Assets/Scripts/Logic/Determinism/ReplayFormatVersion.cs","8073","78ebca49a8870c9781c6adc9fbfaa5f4ad956cfaf0d435232b2e7cfb4ad2319c"
"Assets/Scripts/Logic/Grid/LogicGrid.cs","52237","7b3ff4b20f4451620b33d42a8b7fee9b8ca57a7828df47906cf6da194e2c8e28"
"Assets/Scripts/Logic/Interactions/ConflictGraph.cs","12180","5a0c2b9ea58040399667cb06c9034f0ec84beee3be89ff7e2d5c3b2a96d6ecf8"
"Assets/Scripts/Logic/Movement/DodgeCancellationPreview.cs","396","71756a389d3a332a0122081a255d58eb4b8afb678906acc5141c01fb098cb052"
"Assets/Scripts/Logic/Movement/DodgeCancellationPreview.cs.meta","59","65af55d3fad65941f953d0652ff831a4c0828cc3d32ea0aef6fb016236e6179d"
"Assets/Scripts/Logic/Movement/DodgeRelocationAuthority.cs","58291","3d842dbddc5764275be3a98dd5d9feb7e2fcbebce7b8414e30c894a625f23788"
"Assets/Scripts/Logic/Movement/LogicGridMovementAuthority.cs","40869","a4e41ba99c10cf83685d67d884800b1729f481b004066d0700ccce0370ec298e"
"Assets/Scripts/Logic/Movement/LogicGridMovementPathCalculator.cs","6416","19f0e87309ed852b24192ff17af55e1a129d5964a9c4dd25c0a45a8118202693"
"Assets/Scripts/Logic/Movement/LogicPathfinder.cs","13420","68d610c5b3361c46ca2e52ef5ebabdeae3cc13ec93e44f838c91a3ced2ac40ca"
"Assets/Scripts/Logic/Replay/ReplayFile.cs","11931","8eb1d959beb414f5bbd9a2fc19515c93eea1da3ece6eb946f839c9508d9d241b"
"Assets/Scripts/Logic/Replay/ReplayPlayer.cs","8025","78a93ee3e46a5f486b5c286ef8c04ef2e2646ec1c0b2cf1bc6cf2606bc94ff0a"
"Assets/Scripts/Logic/Simulation/BattleSimulation.cs","250253","b77636f8e6e543e49ce5ba4112319fad3ea7b4442ccccba626cbcce7e13887c4"
"Assets/Scripts/Logic/Simulation/ProductionBattleComposition.cs","6027","2a42676fb8ef4fc38af6d92f952e5b265125e27dbbb959d887cfa2753fbfe6ff"
"Assets/Scripts/Logic/Simulation/SimulationPhaseSystems.cs","41199","3b10f7fbd8a9deef0f11a9b11855553a9a1c8fa3f12eb3ed268033da727c0e8c"
"Assets/Scripts/Logic/Simulation/StepPhase.cs","12401","b62378a30a845c0d43e6ef40e8dac46b6032af5041b36a59ebb59a1643615a8e"
"Assets/Scripts/Logic/Snapshots/HistoryArchive.cs","18945","8f1b6b016c689a875db416a7e97ee68e4776028611df7fd507fbcad839a4bce4"
"Assets/Scripts/Logic/Snapshots/LogicSnapshot.cs","60042","07cc73fe7c51137b4ff86406958366bd1dbe48929e96d32f9e80e4282f90f112"
"Assets/Scripts/Logic/Snapshots/MovementSnapshotProjection.cs","2868","1ddc6c568180cec1729101fc6f09ebfccd86b97d3cf32e65ab3bfcb0445e5dcf"
"Assets/Scripts/Logic/Timeline/ActionPlanRegistry.cs","8281","557322e9a977185a077a225106a658e3da8000d83128a8f310e4590c10f04d42"
"Assets/Scripts/Logic/Timeline/ActionPlanTerminalArchiveSource.cs","4245","0b47a96550df04e0f1d192f8af01ff9b026cdbd4b5460c5b043aa21366658411"
"Assets/Scripts/Logic/Timeline/ActionPlanTerminalCoordinator.cs","15278","9ac54bad3b3f1e5bd6df54a673ad1724e59c50fe6b49d8e6f4a3134e05b9810d"
"Assets/Scripts/Logic/Timeline/ActionScheduleAuthority.cs","14184","ee1ea822cdd0e244204d751842afa766249aeebb2fdd1a13e7ff2d2498a1d03d"
"Assets/Scripts/Logic/Timeline/DodgeMovementInvalidationSeam.cs","16964","34b74f9b927acbf76f619e017650209984e31a318d05f156db45a5a69f8e2d1a"
"Assets/Scripts/Logic/Timeline/ReactionCommandPlanner.cs","6948","0a73ac870ebe4ee28d1f8a1fce2c88ba2c2a7c57708566b56ccc6daf20b5f60c"
"Assets/Scripts/Logic/Timeline/ReactionOpportunitySystem.cs","65149","4e8ef430ee69b64c60dfa0dc9e46e86f8e47e15d6a2f1f130ebb1d1206a26685"
"Assets/Scripts/Logic/Timeline/ScheduleCodes.cs","9540","240bcf3e575880773e0d726c0bd50f905dfb2ec7e75e9c1fa245971437162a3d"
"Assets/Scripts/Logic/Timeline/ScheduleEditor.cs","80721","0ce7ff4ee6ef4936a563ce960253cf4c7bd9a933f917981ebb1090ffa9c973be"
"Assets/Scripts/Logic/Timeline/ScheduleEvaluator.cs","43380","a98d81c776686b5417c712173f178152a5fde03ea92e5f368f050e79bcc203af"
"Assets/Scripts/Logic/Timeline/SchedulePlanPreview.cs","360","507256708046435d0ca7c6bf3a638e27f991f33c45064c28789549e25a929755"
"Assets/Scripts/Logic/Timeline/SchedulePlanPreview.cs.meta","59","5a69dbdfcb20b116df6e5ca5447837455dbeb82a86ee982e20f2b6589a0198ae"
"Assets/Scripts/Logic/Turns/TurnWindow.cs","20254","21fc6d5b8f312817b73608d829a59a211e62339c2adbff5eb47caaf72496b6e4"
"Assets/Scripts/Logic/Turns/TurnWindowManager.cs","27783","6c70921d687c595d51d684474ec90651d9b66950bf3656e21c39a5070c9de2b6"
"Assets/Scripts/UI/HUDManager.cs","2156","c3f01b97611c6331a95c16b7818ca266b17148dc3caa72b4b777e17ae54381d7"
"Assets/Scripts/UnityView/BattleFeedbackPlayer.cs","3411","794f033146ce3f822c466d8592ee1f114c68788f0aa071277334a6fa9368b310"
"Assets/Scripts/UnityView/BattleFeedbackPlayer.cs.meta","60","c5a085b45e07741e11d778fdf7f3f66b2b3f766f8b47ab99dafb9c5de94b2652"
"Assets/Scripts/UnityView/BattleFootprintView.cs","3437","a5b1db46c1a901c5ad9bf08c1868ed4ad9c3ebc61d12f08c02f083fcc247ae30"
"Assets/Scripts/UnityView/BattleFootprintView.cs.meta","60","6d63bdec685ab93a5dd2d59eb28f08d3da3cd0a0952242262f31a1efa3ffc1dd"
"Assets/Scripts/UnityView/BattlePresentationModel.cs","9838","d4e9ab6823f83d91b424f27abfaf1e89a3ed90489e9f1c9616645f649c4d73e9"
"Assets/Scripts/UnityView/BattlePresentationModel.cs.meta","59","bedb5a02047c043e06f9d000b0ad762a69827eb1400612e6b1292ea39a090eae"
"Assets/Scripts/UnityView/BattlePresentationView.cs","27855","5ec9d189ad67bf5adcda13242110b37baf0daa33816268ca5a109584380a6360"
"Assets/Scripts/UnityView/BattlePresentationView.cs.meta","60","9f4516c6ae56f0ffda7916dbd029e8d08f6dd443df3add768490317bf04d7ac7"
"Assets/Scripts/UnityView/BattleRuntimeBootstrap.cs","79094","656a5e821e9a613306dbb1b9eef8701f27aa70faccf4c6b7570799e988cf3a3f"
"Assets/Scripts/UnityView/BattleViewRegistry.cs","2860","568ca8e30be26ff9dc7990262e0e9996cf58ec127df060bd14e86032726d19bb"
"Assets/Scripts/UnityView/CombatFeedbackMapper.cs","3206","c280fbb42e3201a5b2862aa8062a804f45af766304c82f0815970ab74f80bddd"
"Assets/Scripts/UnityView/CombatUnitView.cs","8164","5bdd359fad0460644ceee1ebd221fa3cc33e0a798c0e9f0fcaaa27c4267924b1"
"Assets/Scripts/UnityView/IBattleViewConsumer.cs","1796","3c595be7ae02362a82fc366d9ce2b616cace90dc3d3d89d143f44c1904f27a59"
"Assets/Scripts/UnityView/Input/IViewPreviewPort.cs","881","917c29de7aeb51f38bff28d7ce8baed403c330ec2c0fcbde94c1792c1fbdbcf1"
"Assets/Scripts/UnityView/Input/IViewPreviewPort.cs.meta","59","5d61f7601d65604b16785829a9e0f7adeb1aaf8b5f7e34a6d1397b27a1d70841"
"Assets/Scripts/UnityView/Input/RuntimeViewLogicPort.cs","12950","c501795f75cf8fb419de1e8cec84e6e8361983ab8f406b37948bf78fc4771baf"
"Assets/Scripts/UnityView/Input/ViewInputController.cs","36853","ff6fb1ae3527883197f90582becbff0ebabfffec29192262edc2334b392a437d"
"Assets/Scripts/UnityView/Input/ViewInputPorts.cs","8526","e483ab304489a6fe6d5716aa0fdb514dc4277040e59655b0add4a55131e3dac1"
"Assets/Scripts/UnityView/ProjectHero.UnityView.asmdef","510","b74f596808bdc391664bbd1c34e8e8de3099e58a3c862ab573ef4bb1ce9fae26"
"Assets/Scripts/UnityView/Replay/Task11PlayerValidation.cs","11693","b261411f6ec4daf9a0ba34c53c6e9c08b0ec36fc7646f0d6c6800972bab42495"
"Assets/Scripts/UnityView/Replay/Task11PlayerValidation.cs.meta","60","f3538732d99019683fa9ef6bc3e606c60440266236fe67d3d2907e67d0f10272"
"Assets/Scripts/UnityView/Replay/Task11PressureValidation.cs","17339","66148fad0047f0a3c8f28d76dc1778ae51d0765d86b2187ccb9fc2b6fcf4e7f6"
"Assets/Scripts/UnityView/Replay/Task11PressureValidation.cs.meta","60","9239449931829a1f88e385de926aa37576c1b1321be39c9f711b9ad02bfce39d"
"Assets/Scripts/UnityView/RuntimeCallbackRegistry.cs","25872","891f922d411214e887865c1ba6342bdc1e36d727b48996bf2b6dea777028d163"
"Assets/Scripts/UnityView/ShadowComparisonDetector.cs","145877","11755cbe8045049ecf380be8b84be25d5cb24901b246629c128a62c759e92203"
"Assets/Scripts/UnityView/TimelinePlanView.cs","2132","544b880bab6e86b35977dd0709c0f593cde223b336240cd686270e2bb8e4d90f"
"Assets/Scripts/UnityView/TimelinePlanView.cs.meta","60","b04242d2aa8f4edc28f5d45fd1c42e2725b2d1f73da5ef7447d9305e296a04ff"
"Assets/Scripts/UnityView/UnityBattleDriver.cs","13322","208558bf92abe2abbc1a29d508d0e385b2c54e3f9d06489d6824aa03128359e5"
"Assets/Scripts/Visuals/UnitVolumeRenderer.cs","4395","7ef4f8943c2ed3d241855eb38a958ca819a401cf37fb5a0dca821bd032e223d0"
"Assets/Tests/EditMode/Authoring/AssemblyBoundaryAuthoringTests.cs","15521","a765b779642b8a35646a235dc90b0290c8ef80315f32dc752718adc1cc9a8c50"
"Assets/Tests/EditMode/Authoring/Task03/ReplayContractTests.cs","11520","c9adb7e211d45abab016a11308dbea988aaac56cf87f5f3de92f9933d9881ffe"
"Assets/Tests/EditMode/Authoring/Task05/Task05SimulationWiringTests.cs","100378","5b0171a50c6493a3705654ab8a130f25e361f2a5fd4e43e8e8c7168cdade956c"
"Assets/Tests/EditMode/Authoring/Task05/Task05StartGateAndTerminalTests.cs","44809","85c901458daf95f45122ce0da3c649ed3bf4728c90767c7ca4d726c245c943cf"
"Assets/Tests/EditMode/Authoring/Task10PresentationModelTests.cs","10928","4e7ab312095660e9c3773d4a7be152580760f5b88574cc6f55b6121832617026"
"Assets/Tests/EditMode/Authoring/Task10PresentationModelTests.cs.meta","60","117b489ba9767a41c5381e10aeb6c76f897c735b18b607fd03727daaf6bd4cc1"
"Assets/Tests/EditMode/Authoring/Task10ProductionTests.cs","13181","e62064ec338e52b54231cccf2322b08c096eb68d5d96f5273daa837bcd98fbb7"
"Assets/Tests/EditMode/Authoring/Task10ViewLifecycleTests.cs","4687","2763a51c73019e6ac771e4f955d7a37b96135f9c809b1f9a7339d59cd2684b55"
"Assets/Tests/EditMode/Authoring/Task10ViewLifecycleTests.cs.meta","60","b9ec250b59c70288343372c35ff732ad14c1cc1868c440bcf2918a2c170e845a"
"Assets/Tests/EditMode/Logic/Task06AssemblyIntegrationTests.cs","50026","7c7f753bca95ee7e2f3cd66c33ecd34931e28c7d90a341ce43d7083c441c4d50"
"Assets/Tests/EditMode/Logic/Task06PathfinderTests.cs","35291","1624be883b3df9c0121f51a3141a6f770c3d23eac626c825936bef8a9fffc988"
"Assets/Tests/EditMode/Logic/Task07BudgetTransactionTests.cs","101794","5da3f77e36fa7368ced934936a05bad3b8e08e43b07a438568f7d4f71184ff37"
"Assets/Tests/EditMode/Logic/Task11ReplayTests.cs","14852","ccfb590fc1c43f7a384b4808c4021dbfacedd4ac6ca0dba0a803b2eedaf1ec52"
"Assets/Tests/EditMode/Logic/Task11TerminalHistoryTests.cs","16557","57e567d98ce0b4da71e66a92c7a8095d2cfb702077e6a487e1dd732db18aa70d"
"Assets/Tests/EditMode/Logic/Task11TerminalHistoryTests.cs.meta","60","d7cdbba79056041d2250728178d75739e2297fb2b1c924911b2a06a6f649df92"
"Assets/Tests/EditMode/Logic/Task11WindowHistoryTests.cs","26515","38d99146b1ac31b693d3d9a8aa1248d840b4ad03e79261d07bcc6dac7ff93d57"
"Assets/Tests/EditMode/Logic/Task11WindowHistoryTests.cs.meta","60","ada3406e47ae93f9570291374ad4707a8ca3ddd96d20f1b0714d284b013d7b1d"
"Assets/Tests/PlayMode/RuntimeOwnershipTests.cs","433114","41aea8d49739ac0dd2c5bd231c93cccb803e662b024bc9da55884285a39c7c66"
"Assets/Tests/PlayMode/Task10WiredPresentationTests.cs","43134","8152466bbbd3fdb055b45f8f5341113cf95ec814a933ee3ae2336c92d9d1b258"
"Assets/Tests/PlayMode/Task10WiredPresentationTests.cs.meta","59","6b991734998f3ba8c1c73b1bbe7389ef1cb97172ce2eb72b93e8014a36a67127"
