"Old","New","Guid","Preserved"
"Assets/Scripts/Core/Compatibility/Runtime/BattleRuntimeBootstrap.cs.meta","Assets/Scripts/UnityView/BattleRuntimeBootstrap.cs.meta","0f0dbdb122b4ce44f8097d79093a3b8f","True"
"Assets/Scripts/Core/Compatibility/Runtime/BattleRuntimeLifecycle.cs.meta","Assets/Scripts/UnityView/BattleRuntimeLifecycle.cs.meta","89e093ed98a9fe844932510eae3abb0a","True"
"Assets/Scripts/Core/Compatibility/Runtime/BattleRuntimeMode.cs.meta","Assets/Scripts/UnityView/BattleRuntimeMode.cs.meta","53f690ac34783fa469bca1374aaf10c7","True"
"Assets/Scripts/Core/Compatibility/Runtime/Input.meta","Assets/Scripts/UnityView/Input.meta","707da7c1b4589404b9f6f0e19345720b","True"
"Assets/Scripts/Core/Compatibility/Runtime/LegacyWriterRegistry.cs.meta","Assets/Scripts/UnityView/LegacyWriterRegistry.cs.meta","a125182b98242d149a5ddabd8807fffb","True"
"Assets/Scripts/Core/Compatibility/Runtime/ProjectHero.Compatibility.Runtime.asmdef.meta","Assets/Scripts/UnityView/ProjectHero.UnityView.asmdef.meta","db3a57aa1ae0b8e4db3a63959f25cd45","True"
"Assets/Scripts/Core/Compatibility/Runtime/RuntimeCallbackRegistry.cs.meta","Assets/Scripts/UnityView/RuntimeCallbackRegistry.cs.meta","2f77ea65e30efd04da7b0ae46c9e3ac2","True"
"Assets/Scripts/Core/Compatibility/Runtime/RuntimeCallLedger.cs.meta","Assets/Scripts/UnityView/RuntimeCallLedger.cs.meta","cdd8125c7b90a12428f8bfc737e2290c","True"
"Assets/Scripts/Core/Compatibility/Runtime/RuntimeContracts.cs.meta","Assets/Scripts/UnityView/RuntimeContracts.cs.meta","18d7330adee5ec9419c107d375ace541","True"
"Assets/Scripts/Core/Compatibility/Runtime/ShadowAuthorityProtocol.cs.meta","Assets/Scripts/UnityView/ShadowAuthorityProtocol.cs.meta","46b01047be126d04cb1a4db4f0d068e5","True"
"Assets/Scripts/Core/Compatibility/Runtime/ShadowBattleRunner.cs.meta","Assets/Scripts/UnityView/ShadowBattleRunner.cs.meta","a79c5fae6965a76439f678858be8ffe9","True"
"Assets/Scripts/Core/Compatibility/Runtime/ShadowCasePolicy.cs.meta","Assets/Scripts/UnityView/ShadowCasePolicy.cs.meta","9fba9354b0e7d8d4b8a8266537f9088c","True"
"Assets/Scripts/Core/Compatibility/Runtime/ShadowComparisonDetector.cs.meta","Assets/Scripts/UnityView/ShadowComparisonDetector.cs.meta","994dc297003ef0144b892d0a687ab1bb","True"
"Assets/Scripts/Core/Compatibility/Runtime/ShadowComparisonReport.cs.meta","Assets/Scripts/UnityView/ShadowComparisonReport.cs.meta","a73fce1cb3e940e45ba9dd48b2d364c4","True"
"Assets/Scripts/Core/Compatibility/Runtime/ShadowPlayerRequestMirror.cs.meta","Assets/Scripts/UnityView/ShadowPlayerRequestMirror.cs.meta","778b30790b0b78647a49307edd5aae20","True"
"Assets/Scripts/Core/Compatibility/Runtime/UnityBattleDriver.cs.meta","Assets/Scripts/UnityView/UnityBattleDriver.cs.meta","9959c614372617f49835a059cc746622","True"
"Assets/Scripts/Core/Compatibility/Runtime/Input/ViewCommandFactory.cs.meta","Assets/Scripts/UnityView/Input/ViewCommandFactory.cs.meta","32a9ba6641dadbb4c98b3101707b45a6","True"
"Assets/Scripts/Core/Compatibility/Runtime/Input/ViewInputController.cs.meta","Assets/Scripts/UnityView/Input/ViewInputController.cs.meta","c5ffc61b0ba42b6469be7111bc241fc2","True"
"Assets/Scripts/Core/Compatibility/Runtime/Input/ViewInputPorts.cs.meta","Assets/Scripts/UnityView/Input/ViewInputPorts.cs.meta","6fb35ed999de56747b7a6dbbdc31552e","True"
"Assets/Scripts/Core/Compatibility/Runtime/Input/ViewInputTypes.cs.meta","Assets/Scripts/UnityView/Input/ViewInputTypes.cs.meta","2dae8cb0c353d494f9e564f4d73f6e06","True"
"Assets/Scripts/Core/Compatibility/Runtime/Input/ViewTickConverter.cs.meta","Assets/Scripts/UnityView/Input/ViewTickConverter.cs.meta","af98676b6b8842f4b6dea903fa3ac5d7","True"
