phase,invocations,mean_stopwatch_ticks,mean_allocated_bytes
PreCommandBoundaries,108000,3.811,200
StateAndEffectAdvance,108000,6.883,600
DeathAndVictory,108000,4.285,240
WindowOpen,108000,1.628,54
ReactionOpportunityRefresh,108000,0.805,40
FrozenBatchMergeAndBaseRevision,108000,1.969,232
CommandValidationAndScheduling,108000,1.071,56
DuePlanStartGateAndReactionTrigger,108000,3.612,584
IntentDrain,108000,1.081,112
LegacyContactCaptureAndDodgeCommit,108000,21.672,2176
ConflictGraphAndResolution,108000,44.599,4400
DamageAggregationAndDisplacementRequests,108000,6.197,1024
ForcedDisplacementSolve,108000,0.840,40
PlanReservationCleanupAndBatchCommit,108000,0.842,56
StateControlAndAdrenalineAccrual,108000,5.086,664
PostDisplacementDeath,108000,3.011,240
VictoryReevaluation,108000,3.794,424
WindowCloseAndScheduleNext,108000,1.180,44
DecisionSnapshotDelivery,108000,0.800,40
InvariantCheckArchiveAndOutput,108000,22.425,3114
