"Path","Bytes","SHA256","Date"
"优化任务/执行记录/10-11-续作记录-2026-10-10.md","16818","9288AA14B8655715C9C17104040C9C4C8E5F11B75FA0FB83016ED9450CF2977F","2026-10-10"
"优化任务/执行记录/10-交接记录.md","7678","A96731E7311F8D83572E9CE06A73B1F81CFFE31F47D3123AD30AD7502E2EC832","2026-10-10"
"优化任务/执行记录/10-main-new-ended.png","730540","4340B8686C74BEDFE218FCE1C547CBC331C425A81C166224BFB995393A304A57","2026-10-10"
"优化任务/执行记录/11-对照分类与组合验收-2026-10-10.md","7694","C37EED0330B85595B9793C25F005D4021F85B7841D831FA4CD0BAE6F275F872D","2026-10-10"
"优化任务/执行记录/11-最终验收.md","15039","2168F3C0F1D652043FF4D66AFD4B92E9E0F6226BDA9698025B16FB3C82C610C0","2026-10-10"
"优化任务/执行记录/11-最终验收矩阵-2026-10-10.md","18648","7ACC9955D3019747E8DE9FE193D717E376C76BDA72C78300772E081A948ECF5D","2026-10-10"
"优化任务/执行记录/11-ai-canvas-combination-final.xml","7909","316F861A28D1D2B1EE349AAB2B57F94542642D09DADF765EADCFA105C7D0E4F0","2026-10-10"
"优化任务/执行记录/11-ai-diagnostic-fifth.xml","12432","8C1E378FD86241C1B081B3D785B2F6CDF5AB191DFAED93336C821198ADBE1A63","2026-10-10"
"优化任务/执行记录/11-ai-diagnostic-fourth.xml","10164","7B466AC47E81E6A9D2BA46A5E1314F6691FE7C34005A55F581F00488DB2E7B16","2026-10-10"
"优化任务/执行记录/11-ai-diagnostic-second.xml","8158","E8440A292E013E1F02F3FD22EB2C40C6E0F19F293F8E1D05F4B3F236B96F91A2","2026-10-10"
"优化任务/执行记录/11-ai-diagnostic-third.xml","10164","84A4C246DF1158463E9BF52291B9A5D6918BA70DB2AD3B731F2CFF158D5844EB","2026-10-10"
"优化任务/执行记录/11-ai-diagnostic.xml","7948","51D1DAFDD78CDF25D965202E7839B89F38B308D51316200C08C764EA23C27107","2026-10-10"
"优化任务/执行记录/11-ai-facing-fix.xml","11787","EACB8C999BF194B9AD14A697D65DDD6411A051AE7D28900875DA128F78FAE03F","2026-10-10"
"优化任务/执行记录/11-build-classification.ps1","9623","B06CCF12CF639F625F8C4451C78716C9C241CD71BB2AF990793857F67CBCA9F1","2026-10-10"
"优化任务/执行记录/11-canvas-combinations-final.xml","9285","4698539C28BCD233CD053BA2AAF2C24BBDC2CC85C245C54D3202EFE522AECD07","2026-10-10"
"优化任务/执行记录/11-classification-final-editmode.xml","701712","184A094243A85C2E6E7C97BAF15D48BCFECC3C053E110AC76605E1E71DB8593E","2026-10-10"
"优化任务/执行记录/11-classification-final-playmode.xml","72371","A0F2AD16CC43171BEA83987A6F18D3C1BDDCB7D572C7D611E4814C7396B1D2B0","2026-10-10"
"优化任务/执行记录/11-final-acceptance-audit.ps1","23164","0B4B326E1162263ADC4FEB14D536BA4B9AAED7561D6D8BCAAC3FFBD80CC174FD","2026-10-10"
"优化任务/执行记录/11-final-acceptance-matrix.csv","94424","647D60B4233CB2FFECAEFA3FEA283C4EB0746617A687884E3425F75ECA2E6384","2026-10-10"
"优化任务/执行记录/11-final-matrix-replay-all-verified.xml","16577","7C2D464DDC3F56036B32378EDFB5E004EB9B02BCE75E163A00014304A6EE5BFE","2026-10-10"
"优化任务/执行记录/11-final-matrix-replay-first.xml","30980","3489292F7FA0762ECC0C6AD64B61119512405954868521DE46B718EAA7C9B8FA","2026-10-10"
"优化任务/执行记录/11-final-matrix-replay-second.xml","13803","E3E06337EBB3FAD172C82249E47122957DBC5C1EFD54566AFE497A8871279C29","2026-10-10"
"优化任务/执行记录/11-final-matrix-replay-verified.xml","18104","FB59420E1011720ADDE1369F0CA05B4C1036DA42D5EB6993632772E56F053410","2026-10-10"
"优化任务/执行记录/11-final-replay-AoeDodge.heroReplay","26071","91D4F060CF6140193B7AADD37F947C4F5361CA0CD581ECEFCF8A86B89BD56B1C","2026-10-10"
"优化任务/执行记录/11-final-replay-AutoDeferral.heroReplay","18099","1390B6BA8752607DFE5F1A7F3A57C87F9E5B30E2EB1EAC8BECF07C9C962A7DD6","2026-10-10"
"优化任务/执行记录/11-final-replay-Block.heroReplay","20334","18795965B81DA4416F4D4CD99E53A2A1AA39D28DFB60D038D013849F5A2785AD","2026-10-10"
"优化任务/执行记录/11-final-replay-Clash3.heroReplay","25697","B565309CECC3C1442B9711DB64008F050B0F4885112A1EB611068704AA291AD3","2026-10-10"
"优化任务/执行记录/11-final-replay-DisplacementDeath.heroReplay","11359","C87761EEFBB44FA9780467D9C589F5167F95410301741A4F5BEBE3F47B47A32B","2026-10-10"
"优化任务/执行记录/11-final-replay-Dodge.heroReplay","20037","E4B25A3D4D5C7A2115172847B40AFE7C9BEC8FC1AD0BC48BFF08C9F61F3DFE2E","2026-10-10"
"优化任务/执行记录/11-final-replay-DodgeChain.heroReplay","26465","A0B936C22F8A3C22950C32107A6D00374C71BD9F11397C0F7B40FF7121E15526","2026-10-10"
"优化任务/执行记录/11-final-replay-FacingAoe.heroReplay","16086","4D110AEC7974539E5CFF330BB4FB5C03430250510C6A79C599F5B9BF5A971CB7","2026-10-10"
"优化任务/执行记录/11-final-replay-Flank.heroReplay","18898","F723E4B416619BA9A17A806741C8175BA18D57BB85C51C45F18053A993855E4E","2026-10-10"
"优化任务/执行记录/11-final-replay-FriendlyAoe.heroReplay","21812","E76E484028B2900B1D358ABF725D6B80D6807642C58192CFCE9D29E99EDCBDD7","2026-10-10"
"优化任务/执行记录/11-final-replay-Guard.heroReplay","17503","6A627EA8474B8EEC529D844AE10EE78BA8B907A118748A7F45068425B1623F58","2026-10-10"
"优化任务/执行记录/11-final-replay-MixedDodge.heroReplay","25951","05A6E234A69F1E1ACF87AD110D00EA443C1030BA845DCA3824521DD2FB2EFD6A","2026-10-10"
"优化任务/执行记录/11-final-replay-PartialBlock.heroReplay","23207","F1C7C7BBD774185267B07CE8B247E439A20C2C2424441E2600A4D5F988D957A9","2026-10-10"
"优化任务/执行记录/11-final-replay-Reservation.heroReplay","15928","037BD2F58A3E6984F0CA92CC498B742B647BC79BA63D70AA0B0B94B91CB4DF1F","2026-10-10"
"优化任务/执行记录/11-main-plan-acceptance-matrix.csv","69293","AF50DDFAFBFB4B6D27A1BC66937C2120F20F52E9A4090FABFD6196D9C180AD8E","2026-10-10"
"优化任务/执行记录/11-scene-ai-reaction.heroReplay","76020","6D963673B62D66319306A9C1DE3B676330E785E1EB4F7D98981521D1513881CC","2026-10-10"
"优化任务/执行记录/11-scene-baseline-dodge.xml","4211","A40727C7416C858A98468004F5C19DA7C3D31C812075AB84AFC88707226630A8","2026-10-10"
"优化任务/执行记录/11-scene-classification-first.xml","10630","7710DDDFC9FC3BF3D296F19B18F7DD0FA489F289C30AC7E301FC19C09E1E7CB9","2026-10-10"
"优化任务/执行记录/11-scene-classification-second.xml","10267","1D8959288E43C06847A85FB4EE3AE726F319A82D55D5F276CD30DAD0E6612212","2026-10-10"
"优化任务/执行记录/11-scene-classification-third.xml","9713","C4AA8A22EFAB8AABE429793419F7279DA21322328717EE825E8271C8CC7B4800","2026-10-10"
"优化任务/执行记录/11-scene-combination-fixed-timing-first.xml","7014","164336724437C6EE7F40FE1EDC16878BAC4E1BC13CC6969520F67C5E105AFB6F","2026-10-10"
"优化任务/执行记录/11-scene-combinations-fifth.xml","6857","E9DB3CB71A7EE2659284C97964DA658E1158B1876530EB469A5227DFFB1A5C33","2026-10-10"
"优化任务/执行记录/11-scene-combinations-first.xml","6852","B7B1FC82D5252989BE9901B792C1315C71C7A1CC793B000FF6DE1DFBFFCA9C54","2026-10-10"
"优化任务/执行记录/11-scene-combinations-fourth.xml","6857","FDE6DA0C2104D1E32DA80DF7F79C12CD389B399109BFA36EAB5A122EE620F29B","2026-10-10"
"优化任务/执行记录/11-scene-combinations-second.xml","6852","68AEA77667D61440F05AC1057B67DBFA295ADC1FD408F42DE312374D471CAE4C","2026-10-10"
"优化任务/执行记录/11-scene-combinations-sixth.xml","5530","52F133020A7B0CFE5501BAE981A2D9A3467153B4932522717DBA9D9F609318F8","2026-10-10"
"优化任务/执行记录/11-scene-combinations-targeted-verified.xml","9831","3A365C8582957DDC3967E42EC66881FD1DA36E085C3AA97C783847F2E0BCECDE","2026-10-10"
"优化任务/执行记录/11-scene-combinations-third.xml","6835","9A2D7162305777FFB9252F245BFA578A21E03A61620FDDD1C747DEE6E68A95ED","2026-10-10"
"优化任务/执行记录/11-scene-combinations-uniform-second.xml","10248","AED6D6E9268AC0A01EEA24D4A7B749F4706E1C6FC9D3791419971689D18F294F","2026-10-10"
"优化任务/执行记录/11-scene-dodge-chain.heroReplay","46941","3A2466EDFD000A983712380AA2BE78D87234D0D9B4B8937291D2AB19E30F24A9","2026-10-10"
"优化任务/执行记录/11-shadow-逐字段分类-2026-10-10.md","12967","1FD0BE33F76158C72356A083E11CEB41D4912F423B80A3F7614123182341F010","2026-10-10"
"优化任务/执行记录/11-shadow-classification-executed.csv","28172","9148DF7EB00E3A4E7D2E185BD37ADBF18F12D0D0AF855D1D1A306E01BE15B496","2026-10-10"
"优化任务/执行记录/11-shadow-classification.csv","45599","21AE4CCD706B706B5A7E6F177098F9E9568FC4065431579D22CA21162FA12450","2026-10-10"
"优化任务/执行记录/11-shadow-classification.json","50819","15C0A79CF2B24593B0B38EEC13B1741F5AE16AEAEFCB8E5E1F36333574403F41","2026-10-10"
"优化任务/执行记录/11-shadow-scene-observations.txt","113390","3E1D7F723B36D6A1277938DB2709642891293192023265B0A89A40A969CA6797","2026-10-10"
"Assets/Scripts/Logic/Simulation/AreaThreatCandidateSource.cs","8332","54367E2A4DB0776B7F953CDFCE2E8CAE5656EC326B1887CF92B3E6B681F333D0","2026-10-10"
"Assets/Tests/EditMode/Logic/Task08MultiPartyCoverageTests.cs","11747","0EC3B7BA92738E82507956AA2C888CC290460FAB62F0E5060194BB49AA9A320B","2026-10-10"
"Assets/Tests/EditMode/Logic/Task11FinalMatrixReplayTests.cs","14842","B5F1A62D5CBD35C34547C4FB73B32626608E93407E7163976CA3EAECEE90A8F9","2026-10-10"
"Assets/Tests/EditMode/Logic/Task11FinalMatrixReplayTests.cs.meta","59","0CE61B6210DD8AE1BBC51B9E34C687D0A412D980C99B0A9A63C772EAD8B3F2D4","2026-10-10"
"Assets/Tests/PlayMode/Task10WiredPresentationTests.cs","54882","4FE139B46986CC450F8C84A382CB376C755FCE1C0462EBBF8597E54E8314A8ED","2026-10-10"
"Assets/Tests/PlayMode/Task11SceneScenarioSource.cs","4353","EF3DA4DF2B6CA9D242F88115D3E46F4CDA8AB343B352BCE6D7E78ECB82E9C63F","2026-10-10"
"Assets/Tests/PlayMode/Task11SceneScenarioSource.cs.meta","59","327368271B99EC2A57CA4833BBD3589DAA529DAFB81C3DB23A434E6B2F1AF415","2026-10-10"
"Assets/Tests/PlayMode/Task11ShadowClassificationTests.cs","5271","BBF64E8A1FB2AD1ADC82A20FEBF36113EAFD2586B59A4B570AB25F85EB3605D0","2026-10-10"
"Assets/Tests/PlayMode/Task11ShadowClassificationTests.cs.meta","59","3C5FC7D336B0A270EC36024B77A7480E337F2CF7A43701C49C5AF8BC8750A029","2026-10-10"
