"Criterion","Status","Requirement","EvidenceMethods","ExecutedCases","Boundary"
"1","Verified","窗口 A 接受攻击，A 关闭后 B、C 依次打开，攻击在 C 命中。","PlanFromWindowAStartsAndEndsDuringLaterWindows","ProjectHero.Logic.Tests.Task07BudgetTransactionTests.PlanFromWindowAStartsAndEndsDuringLaterWindows","具体断言及其执行结果；组件级排列/失败边界与代表性全流水线文件回放组合构成证据，不宣称每条配置均已在正式场景复现。"
"2","Verified","上述攻击在 TelegraphTick 生成 ReactionOpportunity；B/C 不预填 Tick，只提交 Opportunity 绑定的 Block/Dodge，Logic 推导 TriggerTick 后与 Guard/Attack 按既定优先级交互。","ReactionOpportunityOpensThroughSimulationAtAtomicStart;ReactionCommandCannotProvideTriggerTick;FinalCombatClassFileReplaysOneHundredTimesFromTickZero","ProjectHero.Authoring.Tests.Task05.Task05ReactionOpportunityTests.ReactionCommandCannotProvideTriggerTick;ProjectHero.Authoring.Tests.Task05.Task05SimulationWiringTests.ReactionCommandCannotProvideTriggerTick;ProjectHero.Authoring.Tests.Task05.Task05SimulationWiringTests.ReactionOpportunityOpensThroughSimulationAtAtomicStart;ProjectHero.Logic.Tests.Task11FinalMatrixReplayTests.FinalCombatClassFileReplaysOneHundredTimesFromTickZero(""AoeDodge"");ProjectHero.Logic.Tests.Task11FinalMatrixReplayTests.FinalCombatClassFileReplaysOneHundredTimesFromTickZero(""AutoDeferral"");ProjectHero.Logic.Tests.Task11FinalMatrixReplayTests.FinalCombatClassFileReplaysOneHundredTimesFromTickZero(""Block"");ProjectHero.Logic.Tests.Task11FinalMatrixReplayTests.FinalCombatClassFileReplaysOneHundredTimesFromTickZero(""Clash3"");ProjectHero.Logic.Tests.Task11FinalMatrixReplayTests.FinalCombatClassFileReplaysOneHundredTimesFromTickZero(""DisplacementDeath"");ProjectHero.Logic.Tests.Task11FinalMatrixReplayTests.FinalCombatClassFileReplaysOneHundredTimesFromTickZero(""Dodge"");ProjectHero.Logic.Tests.Task11FinalMatrixReplayTests.FinalCombatClassFileReplaysOneHundredTimesFromTickZero(""DodgeChain"");ProjectHero.Logic.Tests.Task11FinalMatrixReplayTests.FinalCombatClassFileReplaysOneHundredTimesFromTickZero(""FacingAoe"");ProjectHero.Logic.Tests.Task11FinalMatrixReplayTests.FinalCombatClassFileReplaysOneHundredTimesFromTickZero(""Flank"");ProjectHero.Logic.Tests.Task11FinalMatrixReplayTests.FinalCombatClassFileReplaysOneHundredTimesFromTickZero(""FriendlyAoe"");ProjectHero.Logic.Tests.Task11FinalMatrixReplayTests.FinalCombatClassFileReplaysOneHundredTimesFromTickZero(""Guard"");ProjectHero.Logic.Tests.Task11FinalMatrixReplayTests.FinalCombatClassFileReplaysOneHundredTimesFromTickZero(""MixedDodge"");ProjectHero.Logic.Tests.Task11FinalMatrixReplayTests.FinalCombatClassFileReplaysOneHundredTimesFromTickZero(""PartialBlock"");ProjectHero.Logic.Tests.Task11FinalMatrixReplayTests.FinalCombatClassFileReplaysOneHundredTimesFromTickZero(""Reservation"")","具体断言及其执行结果；组件级排列/失败边界与代表性全流水线文件回放组合构成证据，不宣称每条配置均已在正式场景复现。"
"3","Verified","ActionPlan Editable/Locked/Running 时切换窗口，Plan、ScheduleRevision、预算/空间 Reservation、Intent、Lane 和 MovementSegment 不变。","WindowSwitchDoesNotMutatePlanLaneIntentOrReservation","ProjectHero.Logic.Tests.Task07BudgetTransactionTests.WindowSwitchDoesNotMutatePlanLaneIntentOrReservation","具体断言及其执行结果；组件级排列/失败边界与代表性全流水线文件回放组合构成证据，不宣称每条配置均已在正式场景复现。"
"4","Verified","当前非 Idle 但 Lane 可接受时，未来计划提交成功；Lane 锁定时即使 Idle 也拒绝。","NonIdleStateDoesNotByItselfRejectFuturePlan;LaneSubmissionLockBlocksAddButNotExistingEdits","ProjectHero.Authoring.Tests.Task05.Task05ActionPlanAndLaneTests.NonIdleStateDoesNotByItselfRejectFuturePlan;ProjectHero.Authoring.Tests.Task05.Task05ScheduleEditorTests.LaneSubmissionLockBlocksAddButNotExistingEdits","具体断言及其执行结果；组件级排列/失败边界与代表性全流水线文件回放组合构成证据，不宣称每条配置均已在正式场景复现。"
"5","Verified","旧二体、180° 相向攻击保持标量相减、双方计划终止、差值仅形成 ClashResidualImpact 的拼刀结果。","LegacyHeadOnPairKeepsScalarSubtractionAndTerminatesBothPlans","ProjectHero.Logic.Tests.Task08MomentumClashTests.LegacyHeadOnPairKeepsScalarSubtractionAndTerminatesBothPlans","具体断言及其执行结果；组件级排列/失败边界与代表性全流水线文件回放组合构成证据，不宣称每条配置均已在正式场景复现。"
"6","Verified","三方相互 Clash 使用每个攻击的原始动量同时求解；全部参与计划终止，正剩余动量按稳定权重分配且不丢失/重复；Intent、接触边和目标集合的所有排列得到相同 Resolution、事件和哈希。","ThreeWayClashUsesAllOriginalMomentaSimultaneously;ThreeWayAttackResultIsIndependentOfAllIntentPermutations;ClashResidualMomentumIsDistributedWithoutLossOrDuplication;ThreeWayClashTerminatesThreeRealScheduledAttacks","ProjectHero.Logic.Tests.Task08MomentumClashTests.ClashResidualMomentumIsDistributedWithoutLossOrDuplication;ProjectHero.Logic.Tests.Task08MomentumClashTests.ThreeWayAttackResultIsIndependentOfAllIntentPermutations;ProjectHero.Logic.Tests.Task08MomentumClashTests.ThreeWayClashUsesAllOriginalMomentaSimultaneously;ProjectHero.Logic.Tests.Task08MultiPartyCoverageTests.ThreeWayClashTerminatesThreeRealScheduledAttacks","具体断言及其执行结果；组件级排列/失败边界与代表性全流水线文件回放组合构成证据，不宣称每条配置均已在正式场景复现。"
"7","Verified","二人从相反方向夹击一人且彼此不 Clash：两次伤害和总冲击都生效；等强反向合力为零时不击退，但仍可触发硬直/击倒。","OppositeFlankingContactsKeepPerAttackEventsAndZeroResultant","ProjectHero.Logic.Tests.Task08MultiPartyCoverageTests.OppositeFlankingContactsKeepPerAttackEventsAndZeroResultant","具体断言及其执行结果；组件级排列/失败边界与代表性全流水线文件回放组合构成证据，不宣称每条配置均已在正式场景复现。"
"8","Verified","AOE 同时命中多个目标，其中一个在 TriggerTick Dodge：全部换位前统一冻结旧接触，全部提交后查询新接触；只有旧格成立、新格失效的 Dodgeable 才为 Dodged。Undodgeable 保留旧接触并追踪位移后目标，新格新增接触正常求解，新旧重复接触只结算一次，两者都不存在则不追踪。保留接触不绕过 Clash、Block、Guard 和被动抵抗；普通移动已在采样前离开范围不被追踪。其他 AOE 目标正常求解；同一 Dodge 多个成功避开的攻击只产生一个稳定反击窗口与一次奖励。","UndodgeableRetainsPreDodgeContactOutsideNewArea;DodgeContactSetsEventsAndRewardsArePermutationInvariant;DodgedAoeTargetDoesNotProtectOtherTargets;DodgeCommitEmitsOneTriggerEvenWithoutSuccessfulAvoidance;FailedDodgeCommitEmitsResolutionButNoTriggerOrReward;DodgeWithoutContactsEmitsOneResolutionWithNullGroup;FinalCombatClassFileReplaysOneHundredTimesFromTickZero","ProjectHero.Logic.Tests.Task08DefenseCoverageTests.DodgeCommitEmitsOneTriggerEvenWithoutSuccessfulAvoidance;ProjectHero.Logic.Tests.Task08DefenseCoverageTests.DodgedAoeTargetDoesNotProtectOtherTargets;ProjectHero.Logic.Tests.Task08DefenseCoverageTests.DodgeWithoutContactsEmitsOneResolutionWithNullGroup;ProjectHero.Logic.Tests.Task08DefenseCoverageTests.FailedDodgeCommitEmitsResolutionButNoTriggerOrReward;ProjectHero.Logic.Tests.Task08RemainingCoverageTests.DodgeContactSetsEventsAndRewardsArePermutationInvariant;ProjectHero.Logic.Tests.Task08RemainingCoverageTests.UndodgeableRetainsPreDodgeContactOutsideNewArea;ProjectHero.Logic.Tests.Task11FinalMatrixReplayTests.FinalCombatClassFileReplaysOneHundredTimesFromTickZero(""AoeDodge"");ProjectHero.Logic.Tests.Task11FinalMatrixReplayTests.FinalCombatClassFileReplaysOneHundredTimesFromTickZero(""AutoDeferral"");ProjectHero.Logic.Tests.Task11FinalMatrixReplayTests.FinalCombatClassFileReplaysOneHundredTimesFromTickZero(""Block"");ProjectHero.Logic.Tests.Task11FinalMatrixReplayTests.FinalCombatClassFileReplaysOneHundredTimesFromTickZero(""Clash3"");ProjectHero.Logic.Tests.Task11FinalMatrixReplayTests.FinalCombatClassFileReplaysOneHundredTimesFromTickZero(""DisplacementDeath"");ProjectHero.Logic.Tests.Task11FinalMatrixReplayTests.FinalCombatClassFileReplaysOneHundredTimesFromTickZero(""Dodge"");ProjectHero.Logic.Tests.Task11FinalMatrixReplayTests.FinalCombatClassFileReplaysOneHundredTimesFromTickZero(""DodgeChain"");ProjectHero.Logic.Tests.Task11FinalMatrixReplayTests.FinalCombatClassFileReplaysOneHundredTimesFromTickZero(""FacingAoe"");ProjectHero.Logic.Tests.Task11FinalMatrixReplayTests.FinalCombatClassFileReplaysOneHundredTimesFromTickZero(""Flank"");ProjectHero.Logic.Tests.Task11FinalMatrixReplayTests.FinalCombatClassFileReplaysOneHundredTimesFromTickZero(""FriendlyAoe"");ProjectHero.Logic.Tests.Task11FinalMatrixReplayTests.FinalCombatClassFileReplaysOneHundredTimesFromTickZero(""Guard"");ProjectHero.Logic.Tests.Task11FinalMatrixReplayTests.FinalCombatClassFileReplaysOneHundredTimesFromTickZero(""MixedDodge"");ProjectHero.Logic.Tests.Task11FinalMatrixReplayTests.FinalCombatClassFileReplaysOneHundredTimesFromTickZero(""PartialBlock"");ProjectHero.Logic.Tests.Task11FinalMatrixReplayTests.FinalCombatClassFileReplaysOneHundredTimesFromTickZero(""Reservation"")","具体断言及其执行结果；组件级排列/失败边界与代表性全流水线文件回放组合构成证据，不宣称每条配置均已在正式场景复现。"
"9","Verified","Block 在 TriggerTick 同时面对来自多个方向的攻击：全部 Blockable 伤害分量和动量完全归零；同一接触既有实际抵抗又有 Bypass/Unblockable 分量时为 PartiallyBlocked；完全没有可抵抗载荷时为 BlockIneffective/Hit 且不发成功奖励。来源攻击不中断，同一 AOE 的其他目标继续受击；Windup/Recovery 中的 Blocking 状态不提供抵抗。","BlockHandlesAllSameTickEligibleContactsIndependentOfOrder;PartiallyBlockedContactKeepsBypassComponents;FullyUnblockableContactIsIneffectiveHitAndDoesNotRewardBlock;BlockingStateOutsideTriggerTickProvidesNoResistance","ProjectHero.Logic.Tests.Task08DefenseCoverageTests.BlockingStateOutsideTriggerTickProvidesNoResistance;ProjectHero.Logic.Tests.Task08DefenseCoverageTests.FullyUnblockableContactIsIneffectiveHitAndDoesNotRewardBlock;ProjectHero.Logic.Tests.Task08DefenseCoverageTests.PartiallyBlockedContactKeepsBypassComponents;ProjectHero.Logic.Tests.Task08RemainingCoverageTests.BlockHandlesAllSameTickEligibleContactsIndependentOfOrder","具体断言及其执行结果；组件级排列/失败边界与代表性全流水线文件回放组合构成证据，不宣称每条配置均已在正式场景复现。"
"10","Verified","多个同 Tick Hit 对目标只产生一次聚合提交；全部目标提交后才处理死亡，并允许同 Tick 同归于尽；若因此同时消灭 VictoryDefinition 的 Allied/Hostile 双方，结果为配置的 DrawResultCode。","SimultaneousLethalHitsAllowMutualDeath;SimultaneousFactionEliminationProducesConfiguredDraw;TargetDamageAndImpulseCommitOnceInStableOrder","ProjectHero.Authoring.Tests.Task04.Task04LifecycleTests.SimultaneousFactionEliminationProducesConfiguredDraw;ProjectHero.Logic.Tests.Task08RemainingCoverageTests.SimultaneousLethalHitsAllowMutualDeath;ProjectHero.Logic.Tests.Task08RemainingCoverageTests.TargetDamageAndImpulseCommitOnceInStableOrder","具体断言及其执行结果；组件级排列/失败边界与代表性全流水线文件回放组合构成证据，不宣称每条配置均已在正式场景复现。"
"11","Verified","移动 EndTick 先提交位置，再处理同 Tick 新命令。","MovementCommitsToDestinationAtEndTickBeforeCommands","ProjectHero.Logic.Tests.Task06LogicGridTests.MovementCommitsToDestinationAtEndTickBeforeCommands","具体断言及其执行结果；组件级排列/失败边界与代表性全流水线文件回放组合构成证据，不宣称每条配置均已在正式场景复现。"
"12","Verified","持续效果在命令前致死时，死者不能提交；若死者是本 Tick 待打开窗口的拥有者，则不产生窗口打开事件或预算，胜负先于窗口推进。","PreCommandDeathWithoutVictoryCannotOpenWindowOrAcceptDeadOwnersCommand;ScheduledWindowOpenRunsAfterPreCommandDeathAndVictory","ProjectHero.Authoring.Tests.Task03.StepPhaseOrderTests.ScheduledWindowOpenRunsAfterPreCommandDeathAndVictory;ProjectHero.Logic.Tests.Task0108LifecycleRegressionTests.PreCommandDeathWithoutVictoryCannotOpenWindowOrAcceptDeadOwnersCommand","具体断言及其执行结果；组件级排列/失败边界与代表性全流水线文件回放组合构成证据，不宣称每条配置均已在正式场景复现。"
"13","Verified","同一种子与命令重复运行至少 100 次，所有检查点哈希和事件一致。","FinalCombatClassFileReplaysOneHundredTimesFromTickZero;ReplayRepeatsOneHundredTimesWithFullEventPayloadAndHashes","ProjectHero.Logic.Tests.Task11FinalMatrixReplayTests.FinalCombatClassFileReplaysOneHundredTimesFromTickZero(""AoeDodge"");ProjectHero.Logic.Tests.Task11FinalMatrixReplayTests.FinalCombatClassFileReplaysOneHundredTimesFromTickZero(""AutoDeferral"");ProjectHero.Logic.Tests.Task11FinalMatrixReplayTests.FinalCombatClassFileReplaysOneHundredTimesFromTickZero(""Block"");ProjectHero.Logic.Tests.Task11FinalMatrixReplayTests.FinalCombatClassFileReplaysOneHundredTimesFromTickZero(""Clash3"");ProjectHero.Logic.Tests.Task11FinalMatrixReplayTests.FinalCombatClassFileReplaysOneHundredTimesFromTickZero(""DisplacementDeath"");ProjectHero.Logic.Tests.Task11FinalMatrixReplayTests.FinalCombatClassFileReplaysOneHundredTimesFromTickZero(""Dodge"");ProjectHero.Logic.Tests.Task11FinalMatrixReplayTests.FinalCombatClassFileReplaysOneHundredTimesFromTickZero(""DodgeChain"");ProjectHero.Logic.Tests.Task11FinalMatrixReplayTests.FinalCombatClassFileReplaysOneHundredTimesFromTickZero(""FacingAoe"");ProjectHero.Logic.Tests.Task11FinalMatrixReplayTests.FinalCombatClassFileReplaysOneHundredTimesFromTickZero(""Flank"");ProjectHero.Logic.Tests.Task11FinalMatrixReplayTests.FinalCombatClassFileReplaysOneHundredTimesFromTickZero(""FriendlyAoe"");ProjectHero.Logic.Tests.Task11FinalMatrixReplayTests.FinalCombatClassFileReplaysOneHundredTimesFromTickZero(""Guard"");ProjectHero.Logic.Tests.Task11FinalMatrixReplayTests.FinalCombatClassFileReplaysOneHundredTimesFromTickZero(""MixedDodge"");ProjectHero.Logic.Tests.Task11FinalMatrixReplayTests.FinalCombatClassFileReplaysOneHundredTimesFromTickZero(""PartialBlock"");ProjectHero.Logic.Tests.Task11FinalMatrixReplayTests.FinalCombatClassFileReplaysOneHundredTimesFromTickZero(""Reservation"");ProjectHero.Logic.Tests.Task11ReplayTests.ReplayRepeatsOneHundredTimesWithFullEventPayloadAndHashes","具体断言及其执行结果；组件级排列/失败边界与代表性全流水线文件回放组合构成证据，不宣称每条配置均已在正式场景复现。"
"10A","Verified","强制位移在第一步或中途分别撞到 GridBoundary、静态障碍：停在最后合法格、不反弹、不侧滑，保留成功前缀，RequestedSteps/AppliedSteps/StopReason 与事件一致。","ForcedDisplacementStopsAtBoundaryOnFirstOrLaterStep;ForcedDisplacementStopsAtStaticObstacleOnFirstOrLaterStep;ForcedDisplacementKeepsSuccessfulPrefixWhenLaterStepFails","ProjectHero.Logic.Tests.Task08ForcedDisplacementSolverTests.ForcedDisplacementKeepsSuccessfulPrefixWhenLaterStepFails;ProjectHero.Logic.Tests.Task08ForcedDisplacementSolverTests.ForcedDisplacementStopsAtBoundaryOnFirstOrLaterStep;ProjectHero.Logic.Tests.Task08ForcedDisplacementSolverTests.ForcedDisplacementStopsAtStaticObstacleOnFirstOrLaterStep","具体断言及其执行结果；组件级排列/失败边界与代表性全流水线文件回放组合构成证据，不宣称每条配置均已在正式场景复现。"
"10B","Verified","同一批覆盖静止单位阻挡、两人争抢同一落点、两人交换、`A → B → 空格` 同时腾挪和三单位位置循环：争抢无赢家，交换/循环全停，只有最终通向空格的独立请求依赖链成功；改变 UnitId 与输入排列不产生隐式赢家。","StationaryUnitHardBlocksForcedDisplacement;SameAnchorContentionFailsAllProposalsWithoutWinner;TwoUnitSwapStopsBothAsDependencyCycle;DependencyChainEndingInEmptyCellMovesSimultaneously;ThreeUnitPositionCycleStopsAllParticipants","ProjectHero.Logic.Tests.Task08ForcedDisplacementSolverTests.DependencyChainEndingInEmptyCellMovesSimultaneously;ProjectHero.Logic.Tests.Task08ForcedDisplacementSolverTests.SameAnchorContentionFailsAllProposalsWithoutWinner;ProjectHero.Logic.Tests.Task08ForcedDisplacementSolverTests.StationaryUnitHardBlocksForcedDisplacement;ProjectHero.Logic.Tests.Task08ForcedDisplacementSolverTests.ThreeUnitPositionCycleStopsAllParticipants;ProjectHero.Logic.Tests.Task08ForcedDisplacementSolverTests.TwoUnitSwapStopsBothAsDependencyCycle","具体断言及其执行结果；组件级排列/失败边界与代表性全流水线文件回放组合构成证据，不宣称每条配置均已在正式场景复现。"
"10C","Verified","多格单位只有部分目标 footprint 合法时整步失败；A 撞到无独立请求的 B 时不连锁推人；短距离单位走完后在后续轮次成为静止阻挡。全程不调用 Pathfinder、普通 Move、MovementSegment 或 Reservation 仲裁。","MultiCellUnitCannotMoveWhenAnyFootprintPointIsIllegal;ForcedDisplacementDoesNotImplicitlyPushUnitWithoutOwnRequest;CompletedShorterDisplacementBecomesStationaryBlockerForLaterRounds;BatchRelocationDoesNotUsePathfinderSegmentsOrReservationArbitration","ProjectHero.Logic.Tests.Task06LogicGridTests.BatchRelocationDoesNotUsePathfinderSegmentsOrReservationArbitration;ProjectHero.Logic.Tests.Task08ForcedDisplacementSolverTests.CompletedShorterDisplacementBecomesStationaryBlockerForLaterRounds;ProjectHero.Logic.Tests.Task08ForcedDisplacementSolverTests.ForcedDisplacementDoesNotImplicitlyPushUnitWithoutOwnRequest;ProjectHero.Logic.Tests.Task08ForcedDisplacementSolverTests.MultiCellUnitCannotMoveWhenAnyFootprintPointIsIllegal","具体断言及其执行结果；组件级排列/失败边界与代表性全流水线文件回放组合构成证据，不宣称每条配置均已在正式场景复现。"
"10D","Verified","强制位移忽略 Reservation 完成空间求解，仅对最终 footprint 冲突计划按 ActionPlanId 终止并释放全部未来 Segment/Reservation；实际被换位单位依赖旧起点的 Move 使用 `MovementOriginInvalidated`，其他被抢占计划使用 `ReservationPreemptedByForcedDisplacement`，Locked/Running 不退款、Editable 只释放未消费预留，后续计划不左移。","OnlyFinalFootprintReservationConflictsArePreempted;ReservationPreemptionTerminatesPlansInActionPlanIdOrder;ForcedDisplacementDoesNotRefundSpentMoveBudget;ForcedDisplacementReleasesOnlyUnconsumedEditableReservation;ForcedDisplacementTerminationDoesNotPullLaterPlansForward","ProjectHero.Authoring.Tests.Task05.Task05StartGateAndTerminalTests.ForcedDisplacementTerminationDoesNotPullLaterPlansForward;ProjectHero.Logic.Tests.Task07ForcedDisplacementBudgetTests.ForcedDisplacementDoesNotRefundSpentMoveBudget;ProjectHero.Logic.Tests.Task07ForcedDisplacementBudgetTests.ForcedDisplacementReleasesOnlyUnconsumedEditableReservation;ProjectHero.Logic.Tests.Task08ForcedDisplacementBatchTests.OnlyFinalFootprintReservationConflictsArePreempted;ProjectHero.Logic.Tests.Task08ForcedDisplacementBatchTests.ReservationPreemptionTerminatesPlansInActionPlanIdOrder","具体断言及其执行结果；组件级排列/失败边界与代表性全流水线文件回放组合构成证据，不宣称每条配置均已在正式场景复现。"
"10E","Verified","同 Tick 致死并击退时，死亡单位仍参与位移依赖图；一次 `ApplyBatchRelocation` 后先产生位移事件，再处理 Dead 与最终 footprint 移除。对请求/Resolution 任意排列并重复 100 次，最终位置、停止原因、InvalidatedPlanIds、事件与 SnapshotHash 完全一致。","LethalTargetIsDisplacedBeforeDeathRemovesFinalFootprint;ForcedDisplacementBatchCommitsBeforeEventsStateControlAndDeath;ForcedDisplacementInputAndResolutionPermutationsProduceIdenticalResults;FinalCombatClassFileReplaysOneHundredTimesFromTickZero","ProjectHero.Logic.Tests.Task08CommitCoverageTests.ForcedDisplacementBatchCommitsBeforeEventsStateControlAndDeath;ProjectHero.Logic.Tests.Task08CommitCoverageTests.LethalTargetIsDisplacedBeforeDeathRemovesFinalFootprint;ProjectHero.Logic.Tests.Task08ForcedDisplacementSolverTests.ForcedDisplacementInputAndResolutionPermutationsProduceIdenticalResults;ProjectHero.Logic.Tests.Task11FinalMatrixReplayTests.FinalCombatClassFileReplaysOneHundredTimesFromTickZero(""AoeDodge"");ProjectHero.Logic.Tests.Task11FinalMatrixReplayTests.FinalCombatClassFileReplaysOneHundredTimesFromTickZero(""AutoDeferral"");ProjectHero.Logic.Tests.Task11FinalMatrixReplayTests.FinalCombatClassFileReplaysOneHundredTimesFromTickZero(""Block"");ProjectHero.Logic.Tests.Task11FinalMatrixReplayTests.FinalCombatClassFileReplaysOneHundredTimesFromTickZero(""Clash3"");ProjectHero.Logic.Tests.Task11FinalMatrixReplayTests.FinalCombatClassFileReplaysOneHundredTimesFromTickZero(""DisplacementDeath"");ProjectHero.Logic.Tests.Task11FinalMatrixReplayTests.FinalCombatClassFileReplaysOneHundredTimesFromTickZero(""Dodge"");ProjectHero.Logic.Tests.Task11FinalMatrixReplayTests.FinalCombatClassFileReplaysOneHundredTimesFromTickZero(""DodgeChain"");ProjectHero.Logic.Tests.Task11FinalMatrixReplayTests.FinalCombatClassFileReplaysOneHundredTimesFromTickZero(""FacingAoe"");ProjectHero.Logic.Tests.Task11FinalMatrixReplayTests.FinalCombatClassFileReplaysOneHundredTimesFromTickZero(""Flank"");ProjectHero.Logic.Tests.Task11FinalMatrixReplayTests.FinalCombatClassFileReplaysOneHundredTimesFromTickZero(""FriendlyAoe"");ProjectHero.Logic.Tests.Task11FinalMatrixReplayTests.FinalCombatClassFileReplaysOneHundredTimesFromTickZero(""Guard"");ProjectHero.Logic.Tests.Task11FinalMatrixReplayTests.FinalCombatClassFileReplaysOneHundredTimesFromTickZero(""MixedDodge"");ProjectHero.Logic.Tests.Task11FinalMatrixReplayTests.FinalCombatClassFileReplaysOneHundredTimesFromTickZero(""PartialBlock"");ProjectHero.Logic.Tests.Task11FinalMatrixReplayTests.FinalCombatClassFileReplaysOneHundredTimesFromTickZero(""Reservation"")","具体断言及其执行结果；组件级排列/失败边界与代表性全流水线文件回放组合构成证据，不宣称每条配置均已在正式场景复现。"
"13A","Verified","在无障碍、障碍、同成本分叉和搜索上限四组网格夹具中验证：偶数/奇数方向始终为 1/2 权重；开放集使用 `f → h → GridPoint.X → GridPoint.Y`，相同坐标、相同 `g` 不替换父节点；不同容器/开放集插入顺序和 MoveSpeed 得到相同路径；首版上限固定为展开节点 `4096`、路径权重 `256`、路径边数 `192`，等于上限成功、严格大于才按 `Overflow > Node > Edge > Weight > NotFound` 产生稳定失败码；A*、MovementSegment 总时长与 TurnBudget 使用相同 PathWeightUnits；New 结果不受旧逐边 `0.2-4.0s` 浮点 Clamp 影响。","EvenGridDirectionsHaveOneWeightUnit;OddGridDirectionsHaveTwoWeightUnits;OpenSetTieDoesNotDependOnInsertionSequence;EqualTentativeGKeepsFirstCanonicalParent;MoveSpeedDoesNotChangeChosenPath;PathSearchAllowsExactly4096ExpandedNodes;PathSearchAllowsExactly256WeightUnits;PathSearchAllowsExactly192Edges;PathFailurePriorityIsOverflowThenEdgeThenWeight;LegacyPerEdgeDurationClampIsNotANewTimingRule","ProjectHero.Logic.Tests.PathRulesTests.LegacyPerEdgeDurationClampIsNotANewTimingRule;ProjectHero.Logic.Tests.Task06PathfinderTests.EqualTentativeGKeepsFirstCanonicalParent;ProjectHero.Logic.Tests.Task06PathfinderTests.EvenGridDirectionsHaveOneWeightUnit;ProjectHero.Logic.Tests.Task06PathfinderTests.MoveSpeedDoesNotChangeChosenPath;ProjectHero.Logic.Tests.Task06PathfinderTests.OddGridDirectionsHaveTwoWeightUnits;ProjectHero.Logic.Tests.Task06PathfinderTests.OpenSetTieDoesNotDependOnInsertionSequence;ProjectHero.Logic.Tests.Task06PathfinderTests.PathFailurePriorityIsOverflowThenEdgeThenWeight;ProjectHero.Logic.Tests.Task06PathfinderTests.PathSearchAllowsExactly192Edges;ProjectHero.Logic.Tests.Task06PathfinderTests.PathSearchAllowsExactly256WeightUnits;ProjectHero.Logic.Tests.Task06PathfinderTests.PathSearchAllowsExactly4096ExpandedNodes","具体断言及其执行结果；组件级排列/失败边界与代表性全流水线文件回放组合构成证据，不宣称每条配置均已在正式场景复现。"
"14","Verified","改变 `Time.timeScale`、视觉顿帧和动画速度，不改变逻辑结果。","VisualTimeScaleIsolationDoesNotLeakIntoNewSimulation;DriverRetainsCatchUpDebtInsteadOfDroppingTicks;SemanticEventsMapToFeedbackWithoutLogicWriteback","ProjectHero.Authoring.Tests.Task10DriverTests.DriverRetainsCatchUpDebtInsteadOfDroppingTicks;ProjectHero.Authoring.Tests.Task10DriverTests.SemanticEventsMapToFeedbackWithoutLogicWriteback;ProjectHero.Tests.PlayMode.RuntimeOwnershipTests.VisualTimeScaleIsolationDoesNotLeakIntoNewSimulation","具体断言及其执行结果；组件级排列/失败边界与代表性全流水线文件回放组合构成证据，不宣称每条配置均已在正式场景复现。"
"15","Verified","场景完整流程：进入、行动、并发授权、窗口切换、死亡、结束与表现反馈均可用。","MainSceneNewCompletesThreeColdBattlesWithPlayerCommandsAndOneEndFeedback;MainSceneBlockButtonUsesRealThreatAndDamageEarnedAdrenaline;MainSceneDodgeSelectionIsLocalUntilConfirmAndUsesRealThreat;MainCanvasPlayerAttackFundsAiReactionAndFeedbackThroughProductionPorts","ProjectHero.Tests.PlayMode.Task10WiredPresentationTests.MainCanvasPlayerAttackFundsAiReactionAndFeedbackThroughProductionPorts;ProjectHero.Tests.PlayMode.Task10WiredPresentationTests.MainSceneBlockButtonUsesRealThreatAndDamageEarnedAdrenaline;ProjectHero.Tests.PlayMode.Task10WiredPresentationTests.MainSceneDodgeSelectionIsLocalUntilConfirmAndUsesRealThreat;ProjectHero.Tests.PlayMode.Task10WiredPresentationTests.MainSceneNewCompletesThreeColdBattlesWithPlayerCommandsAndOneEndFeedback","具体断言及其执行结果；组件级排列/失败边界与代表性全流水线文件回放组合构成证据，不宣称每条配置均已在正式场景复现。"
"16","Verified","在存在 Editable/Locked/Running 计划、未来 Intent、MovementSegment 和 Reservation 时结束战斗：全部计划按 ActionPlanId 进入 `Terminated(BattleEnded)`，活动索引与 Reservation 清空，计划历史仍可审计。","BattleEndTerminatesPlansInActionPlanIdOrderAndLocksAllLanes;BattleEndedPlansRemainInHistoryButLeaveActiveIndexes;BattleEndClearsReservationsAcrossOpenAndClosedWindows","ProjectHero.Authoring.Tests.Task05.Task05SimulationWiringTests.BattleEndedPlansRemainInHistoryButLeaveActiveIndexes;ProjectHero.Authoring.Tests.Task05.Task05SimulationWiringTests.BattleEndTerminatesPlansInActionPlanIdOrderAndLocksAllLanes;ProjectHero.Logic.Tests.Task07TurnWindowAndBudgetTests.BattleEndClearsReservationsAcrossOpenAndClosedWindows","具体断言及其执行结果；组件级排列/失败边界与代表性全流水线文件回放组合构成证据，不宣称每条配置均已在正式场景复现。"
"17","Verified","改变 EncounterUnitSlot 的输入枚举顺序但保持 SlotId/FactionId 集合不变，初始 UnitId/Faction 映射、快照和事件完全一致；重命名 GameObject 不改变绑定。","EncounterSlotOrderingUsesStringComparerOrdinal;RenamingDisplayNameDoesNotChangeLogicIdOrHash;EncounterSlotsMapFactionIdsToRuntimeUnits","ProjectHero.Authoring.Tests.AuthoringInstanceRuleTests.RenamingDisplayNameDoesNotChangeLogicIdOrHash;ProjectHero.Authoring.Tests.BattleInitializationTests.EncounterSlotsMapFactionIdsToRuntimeUnits;ProjectHero.Logic.Tests.EncounterAndFactionTests.EncounterSlotOrderingUsesStringComparerOrdinal","具体断言及其执行结果；组件级排列/失败边界与代表性全流水线文件回放组合构成证据，不宣称每条配置均已在正式场景复现。"
"18","Verified","两个由相同 Header 新建的模拟都从 Tick 0 重演；后续生成的 Unit、ActionPlan、Window、Effect 和各类 Sequence 不重复、不回退且逐 Tick 一致。开发者回放执行“重新开始”后也得到相同结果。","CommandSequenceMatchesAcrossFreshTickZeroRuns;EffectIdsAreUniqueAndMonotonicAcrossUnitsAndSpecs;PauseDoesNotAdvanceReplayAndRestartCreatesFreshWorld;FinalCombatClassFileReplaysOneHundredTimesFromTickZero","ProjectHero.Logic.Tests.StatusEffectKernelTests.EffectIdsAreUniqueAndMonotonicAcrossUnitsAndSpecs;ProjectHero.Logic.Tests.Task09CommandIngressTests.CommandSequenceMatchesAcrossFreshTickZeroRuns;ProjectHero.Logic.Tests.Task11FinalMatrixReplayTests.FinalCombatClassFileReplaysOneHundredTimesFromTickZero(""AoeDodge"");ProjectHero.Logic.Tests.Task11FinalMatrixReplayTests.FinalCombatClassFileReplaysOneHundredTimesFromTickZero(""AutoDeferral"");ProjectHero.Logic.Tests.Task11FinalMatrixReplayTests.FinalCombatClassFileReplaysOneHundredTimesFromTickZero(""Block"");ProjectHero.Logic.Tests.Task11FinalMatrixReplayTests.FinalCombatClassFileReplaysOneHundredTimesFromTickZero(""Clash3"");ProjectHero.Logic.Tests.Task11FinalMatrixReplayTests.FinalCombatClassFileReplaysOneHundredTimesFromTickZero(""DisplacementDeath"");ProjectHero.Logic.Tests.Task11FinalMatrixReplayTests.FinalCombatClassFileReplaysOneHundredTimesFromTickZero(""Dodge"");ProjectHero.Logic.Tests.Task11FinalMatrixReplayTests.FinalCombatClassFileReplaysOneHundredTimesFromTickZero(""DodgeChain"");ProjectHero.Logic.Tests.Task11FinalMatrixReplayTests.FinalCombatClassFileReplaysOneHundredTimesFromTickZero(""FacingAoe"");ProjectHero.Logic.Tests.Task11FinalMatrixReplayTests.FinalCombatClassFileReplaysOneHundredTimesFromTickZero(""Flank"");ProjectHero.Logic.Tests.Task11FinalMatrixReplayTests.FinalCombatClassFileReplaysOneHundredTimesFromTickZero(""FriendlyAoe"");ProjectHero.Logic.Tests.Task11FinalMatrixReplayTests.FinalCombatClassFileReplaysOneHundredTimesFromTickZero(""Guard"");ProjectHero.Logic.Tests.Task11FinalMatrixReplayTests.FinalCombatClassFileReplaysOneHundredTimesFromTickZero(""MixedDodge"");ProjectHero.Logic.Tests.Task11FinalMatrixReplayTests.FinalCombatClassFileReplaysOneHundredTimesFromTickZero(""PartialBlock"");ProjectHero.Logic.Tests.Task11FinalMatrixReplayTests.FinalCombatClassFileReplaysOneHundredTimesFromTickZero(""Reservation"");ProjectHero.Logic.Tests.Task11ReplayTests.PauseDoesNotAdvanceReplayAndRestartCreatesFreshWorld","具体断言及其执行结果；组件级排列/失败边界与代表性全流水线文件回放组合构成证据，不宣称每条配置均已在正式场景复现。"
"19","Verified","`BattleEndedEvent` 是结束 Tick 的最后事件且只出现一次；结束后重复调用 Step 返回 `AlreadyEnded`、空事件和同一最终快照，Tick、RNG、ID 与 Sequence 均不变化。","AlreadyEndedStepReturnsEmptyEventsAndSameFinalSnapshot;AlreadyEndedStepDoesNotAdvanceTickRngIdsOrSequences;FinalCombatClassFileReplaysOneHundredTimesFromTickZero","ProjectHero.Authoring.Tests.Task03.SimulationLifecycleTests.AlreadyEndedStepDoesNotAdvanceTickRngIdsOrSequences;ProjectHero.Authoring.Tests.Task03.SimulationLifecycleTests.AlreadyEndedStepReturnsEmptyEventsAndSameFinalSnapshot;ProjectHero.Logic.Tests.Task11FinalMatrixReplayTests.FinalCombatClassFileReplaysOneHundredTimesFromTickZero(""AoeDodge"");ProjectHero.Logic.Tests.Task11FinalMatrixReplayTests.FinalCombatClassFileReplaysOneHundredTimesFromTickZero(""AutoDeferral"");ProjectHero.Logic.Tests.Task11FinalMatrixReplayTests.FinalCombatClassFileReplaysOneHundredTimesFromTickZero(""Block"");ProjectHero.Logic.Tests.Task11FinalMatrixReplayTests.FinalCombatClassFileReplaysOneHundredTimesFromTickZero(""Clash3"");ProjectHero.Logic.Tests.Task11FinalMatrixReplayTests.FinalCombatClassFileReplaysOneHundredTimesFromTickZero(""DisplacementDeath"");ProjectHero.Logic.Tests.Task11FinalMatrixReplayTests.FinalCombatClassFileReplaysOneHundredTimesFromTickZero(""Dodge"");ProjectHero.Logic.Tests.Task11FinalMatrixReplayTests.FinalCombatClassFileReplaysOneHundredTimesFromTickZero(""DodgeChain"");ProjectHero.Logic.Tests.Task11FinalMatrixReplayTests.FinalCombatClassFileReplaysOneHundredTimesFromTickZero(""FacingAoe"");ProjectHero.Logic.Tests.Task11FinalMatrixReplayTests.FinalCombatClassFileReplaysOneHundredTimesFromTickZero(""Flank"");ProjectHero.Logic.Tests.Task11FinalMatrixReplayTests.FinalCombatClassFileReplaysOneHundredTimesFromTickZero(""FriendlyAoe"");ProjectHero.Logic.Tests.Task11FinalMatrixReplayTests.FinalCombatClassFileReplaysOneHundredTimesFromTickZero(""Guard"");ProjectHero.Logic.Tests.Task11FinalMatrixReplayTests.FinalCombatClassFileReplaysOneHundredTimesFromTickZero(""MixedDodge"");ProjectHero.Logic.Tests.Task11FinalMatrixReplayTests.FinalCombatClassFileReplaysOneHundredTimesFromTickZero(""PartialBlock"");ProjectHero.Logic.Tests.Task11FinalMatrixReplayTests.FinalCombatClassFileReplaysOneHundredTimesFromTickZero(""Reservation"")","具体断言及其执行结果；组件级排列/失败边界与代表性全流水线文件回放组合构成证据，不宣称每条配置均已在正式场景复现。"
"20","Verified","结束后提交命令稳定返回 `BATTLE_ALREADY_ENDED`，不进入 Tick 桶或回放命令流；Unity 驱动不会重复播放结束反馈。","CommandAfterBattleEndIsRejectedBeforeTickBucketAndReplayLog;MainSceneNewCompletesThreeColdBattlesWithPlayerCommandsAndOneEndFeedback","ProjectHero.Logic.Tests.Task09CommandIngressTests.CommandAfterBattleEndIsRejectedBeforeTickBucketAndReplayLog;ProjectHero.Tests.PlayMode.Task10WiredPresentationTests.MainSceneNewCompletesThreeColdBattlesWithPlayerCommandsAndOneEndFeedback","具体断言及其执行结果；组件级排列/失败边界与代表性全流水线文件回放组合构成证据，不宣称每条配置均已在正式场景复现。"
"21","Verified","状态/持续效果在命令阶段前结束战斗时，本 Tick 冻结命令产生稳定拒绝，未来 Tick 桶清空，没有静默丢弃或结束后的命令执行。","FrozenRequestsAreRejectedWhenBattleEndsBeforeCommandPhase;BattleEndFinalizerClearsFutureRequestBuckets","ProjectHero.Logic.Tests.Task09CommandIngressTests.BattleEndFinalizerClearsFutureRequestBuckets;ProjectHero.Logic.Tests.Task09CommandIngressTests.FrozenRequestsAreRejectedWhenBattleEndsBeforeCommandPhase","具体断言及其执行结果；组件级排列/失败边界与代表性全流水线文件回放组合构成证据，不宣称每条配置均已在正式场景复现。"
"22","DeferredPerformance","冲突图基准分别覆盖稀疏小组、单个大型连通分量和大量共享目标；报告节点数、边数、目标数、耗时和分配量。","SolverRecordsPerformanceStatisticsWithoutAffectingResults","ProjectHero.Logic.Tests.Task08ForcedDisplacementSolverTests.SolverRecordsPerformanceStatisticsWithoutAffectingResults","仅统计接口测试通过；稀疏/大型分量/共享目标的正式构建性能测量不在本轮验收范围。"
"23","Verified","同一攻击分别使用低于、等于和高于 `ReferenceActionSpeed = 20` 的速度：只改变按 half-up 解析的前摇，`RecoveryTicks` 保持动作配置值或默认 30；命中恰好发生一次且 `BudgetCostTicks = ResolvedWindupTicks + RecoveryTicks`。","AttackImpactOccursAtResolvedWindupEndAndBudgetEqualsWindupPlusRecovery;ActionSpeedChangesWindupButNotRecovery","ProjectHero.Authoring.Tests.Task05.Task05ActionPlanAndLaneTests.ActionSpeedChangesWindupButNotRecovery;ProjectHero.Authoring.Tests.Task05.Task05ActionPlanAndLaneTests.AttackImpactOccursAtResolvedWindupEndAndBudgetEqualsWindupPlusRecovery","具体断言及其执行结果；组件级排列/失败边界与代表性全流水线文件回放组合构成证据，不宣称每条配置均已在正式场景复现。"
"24","Verified","攻击在 `ImpactTick` 前被终止时不产生 Intent 并关闭来源机会；在 `ImpactTick` 已进入仲裁后，先提交到期 Dodge 位置，再与 Block、Guard、Clash 或 Move 交互，最后按 Resolution 进入终态。该 Tick 状态进入 `Recovery` 不得抑制攻击 Intent。","AttackInterruptedBeforeImpactEmitsNoIntent;ImpactTickTransitionsToRecoveryAndStillEmitsIntent;FrozenCurrentTickIntentResolvesBeforeTerminalCleanup","ProjectHero.Authoring.Tests.Task05.Task05SimulationWiringTests.AttackInterruptedBeforeImpactEmitsNoIntent;ProjectHero.Authoring.Tests.Task05.Task05SimulationWiringTests.FrozenCurrentTickIntentResolvesBeforeTerminalCleanup;ProjectHero.Authoring.Tests.Task05.Task05SimulationWiringTests.ImpactTickTransitionsToRecoveryAndStillEmitsIntent","具体断言及其执行结果；组件级排列/失败边界与代表性全流水线文件回放组合构成证据，不宣称每条配置均已在正式场景复现。"
"25","Verified","普通计划首次进入 Editable 后改变单位 `ActionSpeed`，既有计划的 `ResolvedWindupTicks` 不变；显式重排只按新 StartTick 重绑 Impact/End，不重新采样速度。新计划才使用新速度，锁定后全部执行 Tick 固定。","AcceptedAttackTimingDoesNotChangeAfterSpeedMutation;MovingEditableAttackRebindsAbsoluteTicksWithoutResamplingSpeed","ProjectHero.Authoring.Tests.Task05.Task05ActionPlanAndLaneTests.AcceptedAttackTimingDoesNotChangeAfterSpeedMutation;ProjectHero.Authoring.Tests.Task05.Task05ActionPlanAndLaneTests.MovingEditableAttackRebindsAbsoluteTicksWithoutResamplingSpeed;ProjectHero.Authoring.Tests.Task05.Task05ScheduleEditorTests.MovingEditableAttackRebindsAbsoluteTicksWithoutResamplingSpeed","具体断言及其执行结果；组件级排列/失败边界与代表性全流水线文件回放组合构成证据，不宣称每条配置均已在正式场景复现。"
"26","Verified","全部当前 Encounter 在零配置错误、零名称回退、零跳过资产的条件下构建和初始化；缺失/歧义 ID、槽位 Faction、Faction 关系对、Attack 目标关系掩码或非法 Victory 分组会稳定阻止战斗启动。","MainEncounterBuildsWithoutFallbackOrSkippedAsset;BuilderRejectsMissingOrUnknownSlotFaction;BuilderRejectsMissingDuplicateReverseDuplicateOrDanglingFactionRelation;BuilderRejectsEmptyOrUnknownTargetRelationMaskBits;BuilderRejectsVictoryGroupsContradictingFactionMatrix","ProjectHero.Authoring.Tests.AuthoringInstanceRuleTests.BuilderRejectsEmptyOrUnknownTargetRelationMaskBits;ProjectHero.Authoring.Tests.AuthoringInstanceRuleTests.BuilderRejectsMissingDuplicateReverseDuplicateOrDanglingFactionRelation;ProjectHero.Authoring.Tests.AuthoringInstanceRuleTests.BuilderRejectsMissingOrUnknownSlotFaction;ProjectHero.Authoring.Tests.AuthoringInstanceRuleTests.BuilderRejectsVictoryGroupsContradictingFactionMatrix;ProjectHero.Authoring.Tests.AuthoringInstanceRuleTests.MainEncounterBuildsWithoutFallbackOrSkippedAsset","具体断言及其执行结果；组件级排列/失败边界与代表性全流水线文件回放组合构成证据，不宣称每条配置均已在正式场景复现。"
"27","Verified","以不同资产发现顺序构建同一内容，规范化 `BattleDefinition`、错误顺序和哈希完全一致；跨资产同名但内容不同的旧局部 ID 不会被合并。","DefinitionAndHashIgnoreAssetDiscoveryOrder","ProjectHero.Authoring.Tests.AuthoringMigrationTests.DefinitionAndHashIgnoreAssetDiscoveryOrder","具体断言及其执行结果；组件级排列/失败边界与代表性全流水线文件回放组合构成证据，不宣称每条配置均已在正式场景复现。"
"28","Verified","修改回放开始时的当前存档或外部 Singleton 不改变回放结果；回放严格使用 Header 中保存的 Encounter 与完整 `BattleRuntimeInputs`。","ReplayHeaderUsesFormatVersionAndPreStepInitialStateHash;RuntimeInputsProvideMetaResourceWithoutExternalSingleton","ProjectHero.Authoring.Tests.AuthoringInstanceRuleTests.RuntimeInputsProvideMetaResourceWithoutExternalSingleton;ProjectHero.Authoring.Tests.Task10DriverTests.ReplayHeaderUsesFormatVersionAndPreStepInitialStateHash","具体断言及其执行结果；组件级排列/失败边界与代表性全流水线文件回放组合构成证据，不宣称每条配置均已在正式场景复现。"
"29","Verified","同一组可信来源请求以不同原始集合顺序进入网关，内部命令顺序、预算/Lane/Reservation 赢家、拒绝、事件和哈希完全一致。","RawRequestPermutationProducesSameCanonicalCommandOrder;PlayerAndAiDisjointScheduleEditsFromSameSnapshotCanBothSucceed","ProjectHero.Authoring.Tests.Task03.CommandIngressTests.RawRequestPermutationProducesSameCanonicalCommandOrder;ProjectHero.Logic.Tests.Task09ScheduleSemanticsTests.PlayerAndAiDisjointScheduleEditsFromSameSnapshotCanBothSucceed","具体断言及其执行结果；组件级排列/失败边界与代表性全流水线文件回放组合构成证据，不宣称每条配置均已在正式场景复现。"
"30","Verified","重复或回退 `ProducerOrdinal` 被稳定拒绝；重复碰撞组没有“先枚举者”赢家，两次从 Tick 0 重演时后续合法请求的 CommandSequence 与快照哈希一致。","DuplicateProducerOrdinalRejectsEntireCollisionGroup;ProducerOrdinalRegressionIsRejected;CommandSequenceMatchesAcrossFreshTickZeroRuns","ProjectHero.Authoring.Tests.Task03.CommandIngressTests.DuplicateProducerOrdinalRejectsEntireCollisionGroup;ProjectHero.Authoring.Tests.Task03.CommandIngressTests.ProducerOrdinalRegressionIsRejected;ProjectHero.Logic.Tests.Task09CommandIngressTests.CommandSequenceMatchesAcrossFreshTickZeroRuns","具体断言及其执行结果；组件级排列/失败边界与代表性全流水线文件回放组合构成证据，不宣称每条配置均已在正式场景复现。"
"31","Verified","尝试伪造高优先级来源、让玩家/AI 控制其他 Controller 的单位、用旧窗口激活并发能力、混用 ScheduleEdit/Window/Reaction scope、伪造旧排程修订、在 ReactionCommand 中声明 TriggerTick、或在请求中声明较低费用，均不能改变权威授权、时机和实际消费。","ProducerCannotProvideSourcePriorityOrCommandSequence;PlayerCannotIssueReactionForUnitItDoesNotControl;ConcurrentActivationRejectsStaleWindow;ScopePayloadMismatchIsRejectedDeterministically;ProducerCannotProvideReactionTriggerTickOrRuleCost","ProjectHero.Authoring.Tests.Task03.CommandIngressTests.ProducerCannotProvideReactionTriggerTickOrRuleCost;ProjectHero.Authoring.Tests.Task03.CommandIngressTests.ProducerCannotProvideSourcePriorityOrCommandSequence;ProjectHero.Authoring.Tests.Task03.CommandIngressTests.ScopePayloadMismatchIsRejectedDeterministically;ProjectHero.Logic.Tests.Task07TurnWindowAndBudgetTests.ConcurrentActivationRejectsStaleWindow;ProjectHero.Logic.Tests.Task09ReactionCommandTests.PlayerCannotIssueReactionForUnitItDoesNotControl","具体断言及其执行结果；组件级排列/失败边界与代表性全流水线文件回放组合构成证据，不宣称每条配置均已在正式场景复现。"
"32","Verified","回放记录包含提前提交到未来 Tick 的请求及其原始提交 Tick；从 Tick 0 重演后，Controller/来源注册、每入口下一个与已冻结 ProducerOrdinal、未来桶及下一个 CommandSequence 逐 Tick 一致，最终结果与原始运行相同。","FutureRequestKeepsOriginalSubmissionBoundaryAndEveryCheckpoint;FutureBucketsWithEqualCountsAndDifferentPayloadsHaveDifferentHashes;TickZeroReplayFromRecordedPlayerFactsReproducesIdenticalHashes","ProjectHero.Authoring.Tests.Task03.ReplayContractTests.TickZeroReplayFromRecordedPlayerFactsReproducesIdenticalHashes;ProjectHero.Logic.Tests.Task11ReplayTests.FutureBucketsWithEqualCountsAndDifferentPayloadsHaveDifferentHashes;ProjectHero.Logic.Tests.Task11ReplayTests.FutureRequestKeepsOriginalSubmissionBoundaryAndEveryCheckpoint","具体断言及其执行结果；组件级排列/失败边界与代表性全流水线文件回放组合构成证据，不宣称每条配置均已在正式场景复现。"
"33","Verified","分别以自然完成、生命周期取消入口、目标失效、启动时 Actor 不可用、自动延期超限、来源威胁取消、Clash、Intercept、控制打断、`MovementOriginInvalidated`、`ReservationPreemptedByForcedDisplacement`、Owner 死亡和战斗结束令计划进入终态：都只产生一次终态转换，并在 Step 结束时移除活动计划/调度索引、Lane 项、未冻结/未来 Intent、活动/未来 MovementSegment、Reservation 和资源预留；计划历史完整保留。","AllTerminalTransitionsUseSingleLifecycleEntry;TerminalPlanLeavesEverySchedulableCollection;StepEndHasNoActiveArtifactReferencingTerminalPlan;LethalHitTerminatesVictimsEditableLockedAndRunningPlans","ProjectHero.Authoring.Tests.Task05.Task05ActionPlanAndLaneTests.StepEndHasNoActiveArtifactReferencingTerminalPlan;ProjectHero.Authoring.Tests.Task05.Task05SimulationWiringTests.StepEndHasNoActiveArtifactReferencingTerminalPlan;ProjectHero.Authoring.Tests.Task05.Task05StartGateAndTerminalTests.AllTerminalTransitionsUseSingleLifecycleEntry;ProjectHero.Authoring.Tests.Task05.Task05StartGateAndTerminalTests.TerminalPlanLeavesEverySchedulableCollection;ProjectHero.Logic.Tests.Task08CommitCoverageTests.LethalHitTerminatesVictimsEditableLockedAndRunningPlans","具体断言及其执行结果；组件级排列/失败边界与代表性全流水线文件回放组合构成证据，不宣称每条配置均已在正式场景复现。"
"34","Verified","移动计划在当前段 EndTick 前被终止：单位停留在最后已提交逻辑格，目的格与未来路径预留释放，旧 EndTick 不再提交位置；改变 Transform 插值进度、动画速度或表现帧数不改变结果。","PlanTerminalBeforeMovementEndKeepsLastCommittedCell;TerminalPlanNeverCommitsDestinationAtFormerEndTick;AttackUsesMovementSegmentInsteadOfVisualPosition","ProjectHero.Logic.Tests.Task06AssemblyIntegrationTests.PlanTerminalBeforeMovementEndKeepsLastCommittedCell;ProjectHero.Logic.Tests.Task06LogicGridTests.TerminalPlanNeverCommitsDestinationAtFormerEndTick;ProjectHero.Logic.Tests.Task08CommitCoverageTests.AttackUsesMovementSegmentInsteadOfVisualPosition","具体断言及其执行结果；组件级排列/失败边界与代表性全流水线文件回放组合构成证据，不宣称每条配置均已在正式场景复现。"
"35","Verified","攻击 Intent 已在本 Tick 冻结进冲突图后产生 Clash 等终态：该 Intent 仍完成本 Tick 求解，但计划不得在之后 Tick 再产生 Intent 或移动提交。","TerminalResolutionDoesNotRetroactivelyRemoveFrozenCurrentTickIntent;ClashTerminationRemovesUnfrozenAndFutureIntents","ProjectHero.Logic.Tests.Task08ConflictGraphTests.TerminalResolutionDoesNotRetroactivelyRemoveFrozenCurrentTickIntent;ProjectHero.Logic.Tests.Task08RemainingCoverageTests.ClashTerminationRemovesUnfrozenAndFutureIntents","具体断言及其执行结果；组件级排列/失败边界与代表性全流水线文件回放组合构成证据，不宣称每条配置均已在正式场景复现。"
"36","Verified","对同一计划重复提交相同或冲突终态原因：第一次状态、原因和 TerminalTick 保持，生命周期事件只出现一次；Editable 普通计划的未消费窗口预算预留只释放一次，Locked/Running 的 Spent 不退款；肾上腺素除“来源威胁在 Trigger 前取消且预留仍属当前周期”外不返还，后续计划不前移，任何 ID/Sequence 不回卷或复用。","TerminalCleanupIsIdempotentAndFirstReasonWins;RepeatedEditableTerminalCleanupCannotReleaseReservationTwice;RepeatedLockedTerminalCleanupCannotInvokeBudgetRollback;OldCycleReservationSurvivesToTriggerButCannotRefundIntoNewCycle;TerminalCleanupDoesNotRewindIdsOrSequences","ProjectHero.Authoring.Tests.Task05.Task05SimulationWiringTests.TerminalCleanupDoesNotRewindIdsOrSequences;ProjectHero.Authoring.Tests.Task05.Task05SimulationWiringTests.TerminalCleanupIsIdempotentAndFirstReasonWins;ProjectHero.Authoring.Tests.Task05.Task05StartGateAndTerminalTests.TerminalCleanupDoesNotRewindIdsOrSequences;ProjectHero.Logic.Tests.Task07BudgetTransactionTests.RepeatedEditableTerminalCleanupCannotReleaseReservationTwice;ProjectHero.Logic.Tests.Task07BudgetTransactionTests.RepeatedLockedTerminalCleanupCannotInvokeBudgetRollback;ProjectHero.Logic.Tests.Task07TurnWindowAndBudgetTests.OldCycleReservationSurvivesToTriggerButCannotRefundIntoNewCycle","具体断言及其执行结果；组件级排列/失败边界与代表性全流水线文件回放组合构成证据，不宣称每条配置均已在正式场景复现。"
"37","Verified","Dodge 的空间接触失效、Block 的完全/部分载荷抵抗和 Guard 的部分抵抗都不调用来源攻击计划终态协调器；各防御计划自身到达固定 EndTick 时以自然完成进入同一终态协议。","BlockOrDodgeDoesNotTerminateAttackingPlan;GuardDoesNotInvalidateContact;SuccessfulDodgeConsumesAndCompletesWithoutCancellingSourceAttack","ProjectHero.Logic.Tests.Task0108LifecycleRegressionTests.SuccessfulDodgeConsumesAndCompletesWithoutCancellingSourceAttack;ProjectHero.Logic.Tests.Task08DefenseCoverageTests.BlockOrDodgeDoesNotTerminateAttackingPlan(Block);ProjectHero.Logic.Tests.Task08DefenseCoverageTests.BlockOrDodgeDoesNotTerminateAttackingPlan(Dodge);ProjectHero.Logic.Tests.Task08RemainingCoverageTests.GuardDoesNotInvalidateContact","具体断言及其执行结果；组件级排列/失败边界与代表性全流水线文件回放组合构成证据，不宣称每条配置均已在正式场景复现。"
"38","Verified","ReplayFormatVersion、RulesVersion 或 BattleDefinitionHash 任一不兼容时，在创建回放模拟前明确拒绝；不会静默迁移或生成貌似有效的结果。","IncompatibleHeaderIsRejectedBeforeCreatingWorld;PriorV3ReplayIsRejectedBeforeCreatingWorld","ProjectHero.Logic.Tests.Task11ReplayTests.IncompatibleHeaderIsRejectedBeforeCreatingWorld(""definition"");ProjectHero.Logic.Tests.Task11ReplayTests.IncompatibleHeaderIsRejectedBeforeCreatingWorld(""format"");ProjectHero.Logic.Tests.Task11ReplayTests.IncompatibleHeaderIsRejectedBeforeCreatingWorld(""rules"");ProjectHero.Logic.Tests.Task11ReplayTests.PriorV3ReplayIsRejectedBeforeCreatingWorld","具体断言及其执行结果；组件级排列/失败边界与代表性全流水线文件回放组合构成证据，不宣称每条配置均已在正式场景复现。"
"39","Verified","回放输入伪装为 AI/System 来源时明确拒绝；启用 AI/System 诊断轨迹也不会把同一逻辑命令再次注入或执行两次。","ReplayCannotAuthorizeAiOrSystemInputs;ShadowMirrorsPlayerRequestsButRebuildsAiAndSystemExactlyOnce","ProjectHero.Logic.Tests.Task11ReplayTests.ReplayCannotAuthorizeAiOrSystemInputs(Ai);ProjectHero.Logic.Tests.Task11ReplayTests.ReplayCannotAuthorizeAiOrSystemInputs(System);ProjectHero.Tests.PlayMode.Task09ShadowMirrorTests.ShadowMirrorsPlayerRequestsButRebuildsAiAndSystemExactlyOnce","具体断言及其执行结果；组件级排列/失败边界与代表性全流水线文件回放组合构成证据，不宣称每条配置均已在正式场景复现。"
"40","Verified","每个正式战斗场景恰有一个 `BattleRuntimeBootstrap`；所有适配器均无自主顶层时钟推进生命周期，任意单帧只由 Bootstrap 选择的一条路径推进，New 中没有启用的 Legacy 从属写入者。","SceneHasExactlyOneBattleRuntimeBootstrap;CombatDemoNoLongerOwnsAutonomousUpdate;NewModeDisablesEveryRegisteredLegacyLogicWriter","ProjectHero.Tests.PlayMode.RuntimeOwnershipTests.CombatDemoNoLongerOwnsAutonomousUpdate;ProjectHero.Tests.PlayMode.RuntimeOwnershipTests.NewModeDisablesEveryRegisteredLegacyLogicWriter;ProjectHero.Tests.PlayMode.RuntimeOwnershipTests.SceneHasExactlyOneBattleRuntimeBootstrap","具体断言及其执行结果；组件级排列/失败边界与代表性全流水线文件回放组合构成证据，不宣称每条配置均已在正式场景复现。"
"41","Verified","New 模式完整战斗中旧 `BattleTimeline.AdvanceTime()`、Legacy 状态写入和重复反馈调用数均为 0。","MainSceneNewCompletesThreeColdBattlesWithPlayerCommandsAndOneEndFeedback;NewModeNeverCallsLegacyAdvanceTime","ProjectHero.Tests.PlayMode.RuntimeOwnershipTests.NewModeNeverCallsLegacyAdvanceTime;ProjectHero.Tests.PlayMode.Task10WiredPresentationTests.MainSceneNewCompletesThreeColdBattlesWithPlayerCommandsAndOneEndFeedback","具体断言及其执行结果；组件级排列/失败边界与代表性全流水线文件回放组合构成证据，不宣称每条配置均已在正式场景复现。"
"42","Verified","Shadow 最终场景中新模拟对 Unity、旧运行时状态和表现反馈零写入；所有差异都落入精确到用例、规则版本和字段的分类，宽泛白名单会失败。","MainSceneShadowRetainsRealLegacyObservationsAndWritesNothingToPresentation;ShadowSimulationCannotBindViewsOrPlayFeedback;ShadowSimulationCannotMutateLegacyOrUnityState;BroadDifferenceAllowlistIsRejected","ProjectHero.Tests.PlayMode.RuntimeOwnershipTests.BroadDifferenceAllowlistIsRejected;ProjectHero.Tests.PlayMode.RuntimeOwnershipTests.ShadowSimulationCannotBindViewsOrPlayFeedback;ProjectHero.Tests.PlayMode.RuntimeOwnershipTests.ShadowSimulationCannotMutateLegacyOrUnityState;ProjectHero.Tests.PlayMode.Task11ShadowClassificationTests.MainSceneShadowRetainsRealLegacyObservationsAndWritesNothingToPresentation","60 项逐字段兼容边界已分类；主场景 Shadow 零写入。生产比较策略及 60 项披露保留；未批准任何差异，未宣称新规则与 Legacy 完整等价。"
"43","Verified","完成 New 战斗并销毁后，能够以 Legacy 新建且完成独立战斗，再销毁并重新以 New 新建；三次初始化没有运行中状态迁移、对象复用或计数器串场。","MainSceneNewCompletesThreeColdBattlesWithPlayerCommandsAndOneEndFeedback","ProjectHero.Tests.PlayMode.Task10WiredPresentationTests.MainSceneNewCompletesThreeColdBattlesWithPlayerCommandsAndOneEndFeedback","具体断言及其执行结果；组件级排列/失败边界与代表性全流水线文件回放组合构成证据，不宣称每条配置均已在正式场景复现。"
"44","DeferredMigration","删除 Legacy 后重新扫描代码、场景与 Prefab：无旧自主推进入口、无生产 Legacy 模式引用、无 Missing Script，主场景仍可由唯一 Bootstrap 以 New 完整运行。","SceneHasExactlyOneBattleRuntimeBootstrap","ProjectHero.Tests.PlayMode.RuntimeOwnershipTests.SceneHasExactlyOneBattleRuntimeBootstrap","Legacy 未删除；基础唯一时钟检查不能代替删除后的扫描。"
"45","Verified","没有来源 AttackPlan、来源尚未 Telegraph、使用错误 OpportunityId 或晚于所选反应截止 Tick 时，Block/Dodge 均稳定拒绝且不预留肾上腺素/目的格；截止 Tick 本身仍可接受。","ReactionBeforeOpportunityExistsIsRejected;ReactionOptionDeadlineIsInclusiveAndExpiresAfterCommandPhase;ReactionAtOptionDeadlineIsAcceptedAndAfterDeadlineIsRejected","ProjectHero.Authoring.Tests.Task05.Task05ReactionOpportunityTests.ReactionOptionDeadlineIsInclusiveAndExpiresAfterCommandPhase;ProjectHero.Logic.Tests.Task09ReactionCommandTests.ReactionAtOptionDeadlineIsAcceptedAndAfterDeadlineIsRejected;ProjectHero.Logic.Tests.Task09ReactionCommandTests.ReactionBeforeOpportunityExistsIsRejected","具体断言及其执行结果；组件级排列/失败边界与代表性全流水线文件回放组合构成证据，不宣称每条配置均已在正式场景复现。"
"46","Verified","玩家与 AI 控制的不同单位面对 Tick N 新公开的相同机会时，都只能投递 Tick N+1 请求，并从各自 ActionSet、状态/Lane、标签、目的格和肾上腺素得到同样的候选/拒绝；AI 只能提交标准 ReactionCommand，不能直接创建机会/计划或获得同 Tick、完美时机特权。","PlayerAndAiShareOneTickReactionIngressLead;AiAndPlayerAvailabilityUsesSameActionSetRules;AiCannotCreateOpportunityOrReactionPlanDirectly;PlayerAndAiReactionsUseSameProcessorAndPlanner;MainCanvasPlayerAttackFundsAiReactionAndFeedbackThroughProductionPorts","ProjectHero.Logic.Tests.Task09AiDecisionTests.AiAndPlayerAvailabilityUsesSameActionSetRules;ProjectHero.Logic.Tests.Task09AiDecisionTests.AiCannotCreateOpportunityOrReactionPlanDirectly;ProjectHero.Logic.Tests.Task09AiDecisionTests.PlayerAndAiShareOneTickReactionIngressLead;ProjectHero.Logic.Tests.Task09ReactionCommandTests.PlayerAndAiReactionsUseSameProcessorAndPlanner;ProjectHero.Tests.PlayMode.Task10WiredPresentationTests.MainCanvasPlayerAttackFundsAiReactionAndFeedbackThroughProductionPorts","具体断言及其执行结果；组件级排列/失败边界与代表性全流水线文件回放组合构成证据，不宣称每条配置均已在正式场景复现。"
"47","Verified","Guard 在 Windup/Recovery 不减伤，在 Active 区间按分通道 Q10 和独立动量 Q10 部分抵抗；接触仍为 Hit。相同载荷换成 Block 时，TriggerTick 的全部合格伤害与动量严格为 0。","GuardPartiallyReducesEligibleDamageAndMomentumOnlyWhileActive;BlockZeroesAllEligibleDamageAndMomentumOnTriggerTick;GuardPhaseUsesItsActiveAndRecoveryBoundaries","ProjectHero.Logic.Tests.Task0108LifecycleRegressionTests.GuardPhaseUsesItsActiveAndRecoveryBoundaries;ProjectHero.Logic.Tests.Task08DefenseCoverageTests.BlockZeroesAllEligibleDamageAndMomentumOnTriggerTick;ProjectHero.Logic.Tests.Task08RemainingCoverageTests.GuardPartiallyReducesEligibleDamageAndMomentumOnlyWhileActive","具体断言及其执行结果；组件级排列/失败边界与代表性全流水线文件回放组合构成证据，不宣称每条配置均已在正式场景复现。"
"48","Verified","同一接触同时包含多个 DamageChannel、Blockable/Unblockable/BypassPassiveResistance/BypassActionResistance 分量时，事件逐项记录 Raw、被动抵抗后与动作抵抗后的最终值；`true` 分量严格绕过被动与 Guard/Block，改变 DamageChannel 不改变 ImpactProfile 动量，改变 ImpactProfile 不改变伤害通道。","DamageEventContainsPerChannelAndMomentumBeforeAfterValues;TrueDamageBypassesPassiveAndActionResistance;MixedSameTickBlockReportsPartialSuccessAndAccruesOnce","ProjectHero.Logic.Tests.ReactionAndAdrenalineTests.TrueDamageBypassesPassiveAndActionResistance;ProjectHero.Logic.Tests.Task08DefenseCoverageTests.DamageEventContainsPerChannelAndMomentumBeforeAfterValues;ProjectHero.Logic.Tests.Task08MultiPartyCoverageTests.MixedSameTickBlockReportsPartialSuccessAndAccruesOnce","具体断言及其执行结果；组件级排列/失败边界与代表性全流水线文件回放组合构成证据，不宣称每条配置均已在正式场景复现。"
"49","Verified","Move 首次进入 Editable 时以 `ReferenceMoveSpeed = 20`、MoveTimingSpec 与当时 MoveSpeed 一次性量化 `ResolvedBaseStepTicks`；MoveSpeed 不参与选路。Editable 的 Destination/Lane/前序 Move 变化会由 ScheduleEvaluator 原子重算路径、ResolvedPathEdgeCount、ResolvedPathWeightUnits、绝对 Tick、预算与 Reservation，但不重新采样 MoveSpeed。每段持续时间为 `StepWeightUnits * ResolvedBaseStepTicks`，Locked 后全部固定。Dodge 没有逐步移动或有效区间无敌。","MoveSpeedOnlyChangesResolvedBaseStepTicks;MoveChainRecomputesProjectedStartPathDurationAndBudget;MoveBudgetUsesPathWeightUnitsInsteadOfEdgeCount;DodgeDoesNotCreateContinuousMovementOrInvulnerability","ProjectHero.Authoring.Tests.Task05.Task05ScheduleEditorTests.MoveChainRecomputesProjectedStartPathDurationAndBudget;ProjectHero.Logic.Tests.Task06DodgeRelocationTests.DodgeDoesNotCreateContinuousMovementOrInvulnerability;ProjectHero.Logic.Tests.Task06PathfinderTests.MoveSpeedOnlyChangesResolvedBaseStepTicks;ProjectHero.Logic.Tests.Task07BudgetTransactionTests.MoveBudgetUsesPathWeightUnitsInsteadOfEdgeCount","具体断言及其执行结果；组件级排列/失败边界与代表性全流水线文件回放组合构成证据，不宣称每条配置均已在正式场景复现。"
"50","Verified","肾上腺素跨其他单位窗口及自己的窗口关闭保留；自己的下一窗口打开时清零 Available 并进入新 Cycle。已接受的旧周期反应预留仍可触发，但来源随后取消时不能返还为新周期 Available。同 Tick 多接触的实际造成/承受伤害先按稳定键汇总再各量化一次，Clash/成功 Block/Dodge 奖励分别只记一次，Available 裁到周期上限且不改变既有预留。","AdrenalinePersistsAcrossOtherUnitsWindowsAndOwnWindowClose;OwnersNextWindowOpenClearsAvailableAdrenalineBeforeCommands;OldCycleReservationSurvivesToTriggerButCannotRefundIntoNewCycle;AdrenalineDamageGainAggregatesOncePerUnitPerTick;AvailableAdrenalineIsCappedWithoutChangingReservations","ProjectHero.Logic.Tests.Task07TurnWindowAndBudgetTests.AdrenalineDamageGainAggregatesOncePerUnitPerTick;ProjectHero.Logic.Tests.Task07TurnWindowAndBudgetTests.AdrenalinePersistsAcrossOtherUnitsWindowsAndOwnWindowClose;ProjectHero.Logic.Tests.Task07TurnWindowAndBudgetTests.AvailableAdrenalineIsCappedWithoutChangingReservations;ProjectHero.Logic.Tests.Task07TurnWindowAndBudgetTests.OldCycleReservationSurvivesToTriggerButCannotRefundIntoNewCycle;ProjectHero.Logic.Tests.Task07TurnWindowAndBudgetTests.OwnersNextWindowOpenClearsAvailableAdrenalineBeforeCommands","具体断言及其执行结果；组件级排列/失败边界与代表性全流水线文件回放组合构成证据，不宣称每条配置均已在正式场景复现。"
"51","Verified","同一 TriggerTick 多攻击与一个 Block/Dodge 的 Intent、接触和目标集合做全排列，Dodge 新格、Block 处理范围、分通道伤害、动量、反击窗口、事件和哈希完全一致。","DodgeContactSetsEventsAndRewardsArePermutationInvariant;BlockHandlesAllSameTickEligibleContactsIndependentOfOrder;ThreeWayAttackResultIsIndependentOfAllIntentPermutations;FinalCombatClassFileReplaysOneHundredTimesFromTickZero","ProjectHero.Logic.Tests.Task08MomentumClashTests.ThreeWayAttackResultIsIndependentOfAllIntentPermutations;ProjectHero.Logic.Tests.Task08RemainingCoverageTests.BlockHandlesAllSameTickEligibleContactsIndependentOfOrder;ProjectHero.Logic.Tests.Task08RemainingCoverageTests.DodgeContactSetsEventsAndRewardsArePermutationInvariant;ProjectHero.Logic.Tests.Task11FinalMatrixReplayTests.FinalCombatClassFileReplaysOneHundredTimesFromTickZero(""AoeDodge"");ProjectHero.Logic.Tests.Task11FinalMatrixReplayTests.FinalCombatClassFileReplaysOneHundredTimesFromTickZero(""AutoDeferral"");ProjectHero.Logic.Tests.Task11FinalMatrixReplayTests.FinalCombatClassFileReplaysOneHundredTimesFromTickZero(""Block"");ProjectHero.Logic.Tests.Task11FinalMatrixReplayTests.FinalCombatClassFileReplaysOneHundredTimesFromTickZero(""Clash3"");ProjectHero.Logic.Tests.Task11FinalMatrixReplayTests.FinalCombatClassFileReplaysOneHundredTimesFromTickZero(""DisplacementDeath"");ProjectHero.Logic.Tests.Task11FinalMatrixReplayTests.FinalCombatClassFileReplaysOneHundredTimesFromTickZero(""Dodge"");ProjectHero.Logic.Tests.Task11FinalMatrixReplayTests.FinalCombatClassFileReplaysOneHundredTimesFromTickZero(""DodgeChain"");ProjectHero.Logic.Tests.Task11FinalMatrixReplayTests.FinalCombatClassFileReplaysOneHundredTimesFromTickZero(""FacingAoe"");ProjectHero.Logic.Tests.Task11FinalMatrixReplayTests.FinalCombatClassFileReplaysOneHundredTimesFromTickZero(""Flank"");ProjectHero.Logic.Tests.Task11FinalMatrixReplayTests.FinalCombatClassFileReplaysOneHundredTimesFromTickZero(""FriendlyAoe"");ProjectHero.Logic.Tests.Task11FinalMatrixReplayTests.FinalCombatClassFileReplaysOneHundredTimesFromTickZero(""Guard"");ProjectHero.Logic.Tests.Task11FinalMatrixReplayTests.FinalCombatClassFileReplaysOneHundredTimesFromTickZero(""MixedDodge"");ProjectHero.Logic.Tests.Task11FinalMatrixReplayTests.FinalCombatClassFileReplaysOneHundredTimesFromTickZero(""PartialBlock"");ProjectHero.Logic.Tests.Task11FinalMatrixReplayTests.FinalCombatClassFileReplaysOneHundredTimesFromTickZero(""Reservation"")","具体断言及其执行结果；组件级排列/失败边界与代表性全流水线文件回放组合构成证据，不宣称每条配置均已在正式场景复现。"
"52","Verified","LogicSnapshot/回放逐 Tick 包含 ReactionOpportunity 状态与选项截止、TriggerBinding、Available/Reservation/Cycle、目的格预留和 NextReactionOpportunityId；从 Tick 0 重演得到相同机会 ID、AI 反应选择与最终结果。","CommandAndAiShadowProfileHasNoUnclassifiedDifference;FinalCombatClassFileReplaysOneHundredTimesFromTickZero;AdrenalineSnapshotsAreOrderedAndCarryCycleAndReservations;MainCanvasPlayerAttackFundsAiReactionAndFeedbackThroughProductionPorts","ProjectHero.Logic.Tests.Task07TurnWindowAndBudgetTests.AdrenalineSnapshotsAreOrderedAndCarryCycleAndReservations;ProjectHero.Logic.Tests.Task11FinalMatrixReplayTests.FinalCombatClassFileReplaysOneHundredTimesFromTickZero(""AoeDodge"");ProjectHero.Logic.Tests.Task11FinalMatrixReplayTests.FinalCombatClassFileReplaysOneHundredTimesFromTickZero(""AutoDeferral"");ProjectHero.Logic.Tests.Task11FinalMatrixReplayTests.FinalCombatClassFileReplaysOneHundredTimesFromTickZero(""Block"");ProjectHero.Logic.Tests.Task11FinalMatrixReplayTests.FinalCombatClassFileReplaysOneHundredTimesFromTickZero(""Clash3"");ProjectHero.Logic.Tests.Task11FinalMatrixReplayTests.FinalCombatClassFileReplaysOneHundredTimesFromTickZero(""DisplacementDeath"");ProjectHero.Logic.Tests.Task11FinalMatrixReplayTests.FinalCombatClassFileReplaysOneHundredTimesFromTickZero(""Dodge"");ProjectHero.Logic.Tests.Task11FinalMatrixReplayTests.FinalCombatClassFileReplaysOneHundredTimesFromTickZero(""DodgeChain"");ProjectHero.Logic.Tests.Task11FinalMatrixReplayTests.FinalCombatClassFileReplaysOneHundredTimesFromTickZero(""FacingAoe"");ProjectHero.Logic.Tests.Task11FinalMatrixReplayTests.FinalCombatClassFileReplaysOneHundredTimesFromTickZero(""Flank"");ProjectHero.Logic.Tests.Task11FinalMatrixReplayTests.FinalCombatClassFileReplaysOneHundredTimesFromTickZero(""FriendlyAoe"");ProjectHero.Logic.Tests.Task11FinalMatrixReplayTests.FinalCombatClassFileReplaysOneHundredTimesFromTickZero(""Guard"");ProjectHero.Logic.Tests.Task11FinalMatrixReplayTests.FinalCombatClassFileReplaysOneHundredTimesFromTickZero(""MixedDodge"");ProjectHero.Logic.Tests.Task11FinalMatrixReplayTests.FinalCombatClassFileReplaysOneHundredTimesFromTickZero(""PartialBlock"");ProjectHero.Logic.Tests.Task11FinalMatrixReplayTests.FinalCombatClassFileReplaysOneHundredTimesFromTickZero(""Reservation"");ProjectHero.Tests.PlayMode.Task09ShadowProfileTests.CommandAndAiShadowProfileHasNoUnclassifiedDifference;ProjectHero.Tests.PlayMode.Task10WiredPresentationTests.MainCanvasPlayerAttackFundsAiReactionAndFeedbackThroughProductionPorts","具体断言及其执行结果；组件级排列/失败边界与代表性全流水线文件回放组合构成证据，不宣称每条配置均已在正式场景复现。"
"53","Verified","Tick N 快照上的锁定线为 N+1；状态到期与目标 N+1 的 ScheduleEdit 在 Step N+1 先完成，再对 StartTick=N+1 的普通计划执行门禁。Startable 在一个原子提交中 `Editable -> Locked -> Running` 并消费预算；批次冻结后输入只能目标 N+2，不能改写该计划。","InputAfterFreezeTargetsNPlusTwoAndCannotEditNPlusOnePlan;ControlExpiringAtStartTickAllowsPlanToStartWithoutDelay;StartableCommitAtomicallyIncludesSpentLockedAndRunning","ProjectHero.Authoring.Tests.Task05.Task05StartGateAndTerminalTests.ControlExpiringAtStartTickAllowsPlanToStartWithoutDelay;ProjectHero.Logic.Tests.Task07BudgetTransactionTests.StartableCommitAtomicallyIncludesSpentLockedAndRunning;ProjectHero.Logic.Tests.Task09CommandIngressTests.InputAfterFreezeTargetsNPlusTwoAndCannotEditNPlusOnePlan","具体断言及其执行结果；组件级排列/失败边界与代表性全流水线文件回放组合构成证据，不宣称每条配置均已在正式场景复现。"
"54","Verified","同一个普通 ActionPlanId 从 Add 成功起贯穿 Editable、Locked、Running 与历史终态；不存在锁定/执行时复制出的第二个 ScheduledAction/ActionPlan。","OrdinaryPlanUsesSingleIdentityAcrossEditableLockedAndRunning","ProjectHero.Authoring.Tests.Task05.Task05ActionPlanAndLaneTests.OrdinaryPlanUsesSingleIdentityAcrossEditableLockedAndRunning","具体断言及其执行结果；组件级排列/失败边界与代表性全流水线文件回放组合构成证据，不宣称每条配置均已在正式场景复现。"
"55","Verified","未来放置、拖动排序、重叠处理和启动门禁的系统自动延期只改变 Editable 普通计划；规范化只向右避让，Locked/Running/终态与反应区间不移动，删除不自动左吸。","SystemAutoDeferralRipplesOnlyEditableClosureRight;AutoDeferralNeverMovesLockedRunningOrReactionPlan;RemoveEditablePlanDoesNotPullLaterPlansLeft","ProjectHero.Authoring.Tests.Task05.Task05StartGateAndTerminalTests.AutoDeferralNeverMovesLockedRunningOrReactionPlan;ProjectHero.Authoring.Tests.Task05.Task05StartGateAndTerminalTests.SystemAutoDeferralRipplesOnlyEditableClosureRight;ProjectHero.Logic.Tests.Task09RemovalSemanticsTests.RemoveEditablePlanDoesNotPullLaterPlansLeft","具体断言及其执行结果；组件级排列/失败边界与代表性全流水线文件回放组合构成证据，不宣称每条配置均已在正式场景复现。"
"56","Verified","删除前序 Move 或重排移动链时，受影响 Editable 计划的预测位置、路径、ResolvedPathEdgeCount、ResolvedPathWeightUnits、绝对 Tick、预算预留、MovementSegment 和 Reservation 同批重算；任一失败零局部写入且 ScheduleRevision 不变。","MoveChainRecomputesProjectedStartPathDurationAndBudget;ScheduleEditFailureRollsBackBudgetLanePlanAndReservation","ProjectHero.Authoring.Tests.Task05.Task05ScheduleEditorTests.MoveChainRecomputesProjectedStartPathDurationAndBudget;ProjectHero.Logic.Tests.Task07BudgetTransactionTests.ScheduleEditFailureRollsBackBudgetLanePlanAndReservation","具体断言及其执行结果；组件级排列/失败边界与代表性全流水线文件回放组合构成证据，不宣称每条配置均已在正式场景复现。"
"57","Verified","ExpectedScheduleRevision 与 Step 冻结的 BatchBase 不匹配、重复编辑同一 Plan、循环插入锚点或越过最大排程视野时，整批稳定拒绝；同一快照产生的玩家/AI 事务若 Lane 不相交可依次成功，依赖闭包重叠则后处理者按 CommandSequence 拒绝。每个成功命令事务及每个成功系统自动延期事务 ScheduleRevision 恰好 +1，预览/任意失败/窗口切换/锁定/自然推进不增加。","ScheduleEditsCompareExpectedRevisionToFrozenBatchBase;PlayerAndAiDisjointScheduleEditsFromSameSnapshotCanBothSucceed;FailedSystemAutoDeferralDoesNotIncrementRevision;MainSceneTimelineDiscardsDraftWhenPlanStartsWithoutRevisionChange","ProjectHero.Authoring.Tests.Task03.CommandIngressTests.ScheduleEditsCompareExpectedRevisionToFrozenBatchBase;ProjectHero.Authoring.Tests.Task05.Task05StartGateAndTerminalTests.FailedSystemAutoDeferralDoesNotIncrementRevision;ProjectHero.Logic.Tests.Task09ScheduleSemanticsTests.PlayerAndAiDisjointScheduleEditsFromSameSnapshotCanBothSucceed;ProjectHero.Tests.PlayMode.Task10WiredPresentationTests.MainSceneTimelineDiscardsDraftWhenPlanStartsWithoutRevisionChange","具体断言及其执行结果；组件级排列/失败边界与代表性全流水线文件回放组合构成证据，不宣称每条配置均已在正式场景复现。"
"58","Verified","Editable 普通计划 Add 时只 Reserved TurnBudget；Startable 的 Spent、Locked 与 Running 原子提交；Retryable 自动延期保持/原子调整 Reserved；Remove/锁定前终态释放 Reserved，关闭窗口不重开，Locked 后任意终态不退款且所有账本恒等式成立。","EditablePlanReservesBudgetWithoutSpendingIt;StartableCommitConvertsReservedBudgetToSpentExactlyOnce;SystemAutoDeferralAdjustsBudgetWithScheduleAndReservationAtomically;ReleasingClosedWindowReservationDoesNotReopenSubmissions;LockedOrRunningTerminalDoesNotRefundSpentBudget","ProjectHero.Logic.Tests.Task07BudgetTransactionTests.EditablePlanReservesBudgetWithoutSpendingIt;ProjectHero.Logic.Tests.Task07BudgetTransactionTests.LockedOrRunningTerminalDoesNotRefundSpentBudget;ProjectHero.Logic.Tests.Task07BudgetTransactionTests.StartableCommitConvertsReservedBudgetToSpentExactlyOnce;ProjectHero.Logic.Tests.Task07BudgetTransactionTests.SystemAutoDeferralAdjustsBudgetWithScheduleAndReservationAtomically;ProjectHero.Logic.Tests.Task07TurnWindowAndBudgetTests.EditablePlanReservesBudgetWithoutSpendingIt;ProjectHero.Logic.Tests.Task07TurnWindowAndBudgetTests.ReleasingClosedWindowReservationDoesNotReopenSubmissions","具体断言及其执行结果；组件级排列/失败边界与代表性全流水线文件回放组合构成证据，不宣称每条配置均已在正式场景复现。"
"59","Verified","本地拖拽、吸附和多次预览不进入 TickRecord；确认后的单个 ScheduleEditCommand 从 Tick 0 重演，得到相同 Operations 结果、PlanId、ScheduleRevision、锁定事件、预算/空间预留与哈希。","UncommittedDragTrajectoryIsAbsentFromReplayInput;ConfirmedScheduleEditRecordsOnlyFinalOperations;MainSceneTimelineDragDeleteAndRevisionRebaseUseRealPlayerPort","ProjectHero.Logic.Tests.Task09ReplayInputTests.ConfirmedScheduleEditRecordsOnlyFinalOperations;ProjectHero.Logic.Tests.Task09ReplayInputTests.UncommittedDragTrajectoryIsAbsentFromReplayInput;ProjectHero.Tests.PlayMode.Task10WiredPresentationTests.MainSceneTimelineDragDeleteAndRevisionRebaseUseRealPlayerPort","具体断言及其执行结果；组件级排列/失败边界与代表性全流水线文件回放组合构成证据，不宣称每条配置均已在正式场景复现。"
"60","Verified","普通时间线 UI 可放置/移动/删除 Editable 计划并展示同源 Logic 预览；Locked/Running/终态和 Block/Dodge 只读，UI 不能直接改 Plan/Lane 或构造 TriggerTick。","MainSceneTimelineDragDeleteAndRevisionRebaseUseRealPlayerPort;TimelineCannotEditReactionLockedRunningOrTerminalPlans","ProjectHero.Authoring.Tests.Task10PresentationModelTests.TimelineCannotEditReactionLockedRunningOrTerminalPlans;ProjectHero.Tests.PlayMode.Task10WiredPresentationTests.MainSceneTimelineDragDeleteAndRevisionRebaseUseRealPlayerPort","具体断言及其执行结果；组件级排列/失败边界与代表性全流水线文件回放组合构成证据，不宣称每条配置均已在正式场景复现。"
"61","Verified","EncounterUnitSlot 与运行时 UnitSnapshot 均携带稳定 FactionId；改变 ControllerBinding/玩家标志不改变关系。VictoryDefinition 的目标组与关系矩阵一致；分别消灭 Allied、Hostile、同 Tick 双方全灭以及只剩目标外阵营时，严格得到配置的 Defeat/Victory/Draw 结果，目标外阵营仍保留其真实 Disposition。","VictoryUsesFactionIdNotControllerOrPlayerFlag;SimultaneousFactionEliminationProducesConfiguredDraw;OutOfObjectiveFactionDoesNotBlockEliminationVictoryOrLoseItsDisposition;ControllerRegistrationCannotMutateUnitFactionOrRelations","ProjectHero.Authoring.Tests.Task03.SimulationLifecycleTests.ControllerRegistrationCannotMutateUnitFactionOrRelations;ProjectHero.Authoring.Tests.Task04.Task04LifecycleTests.OutOfObjectiveFactionDoesNotBlockEliminationVictoryOrLoseItsDisposition;ProjectHero.Authoring.Tests.Task04.Task04LifecycleTests.SimultaneousFactionEliminationProducesConfiguredDraw;ProjectHero.Authoring.Tests.Task04.Task04LifecycleTests.VictoryUsesFactionIdNotControllerOrPlayerFlag","具体断言及其执行结果；组件级排列/失败边界与代表性全流水线文件回放组合构成证据，不宣称每条配置均已在正式场景复现。"
"62","Verified","Staggered/KnockedDown/Recovering 恰在 StartTick 到期时，状态先恢复且计划同 Tick 原子启动；若控制有更晚的有限结束 Tick，计划系统自动移到该 RetryAtTick，并只向右 ripple Editable 依赖闭包。","ControlExpiringAtStartTickAllowsPlanToStartWithoutDelay;TimedControlBlockerAutoDefersDueEditablePlan","ProjectHero.Authoring.Tests.Task05.Task05SimulationWiringTests.TimedControlBlockerAutoDefersDueEditablePlan;ProjectHero.Authoring.Tests.Task05.Task05StartGateAndTerminalTests.ControlExpiringAtStartTickAllowsPlanToStartWithoutDelay","具体断言及其执行结果；组件级排列/失败边界与代表性全流水线文件回放组合构成证据，不宣称每条配置均已在正式场景复现。"
"63","Verified","成功自动延期保持 LastRequestedStartTick 和 TurnBudget Reserved，原子重算 Move 路径/ResolvedPathEdgeCount/ResolvedPathWeightUnits/MovementSegment/Reservation，AutomaticDeferralCount 与 ScheduleRevision 各 +1 且只产生一个规范 AutoDeferred 事件；Locked/Running/反应计划不移动。","DirectMoveUpdatesLastRequestedStartTickButAutoDeferralDoesNot;SystemAutoDeferralAdjustsBudgetWithScheduleAndReservationAtomically;ActionPlanAutoDeferredEventContainsCanonicalRippleAndRevision","ProjectHero.Authoring.Tests.Task05.Task05ReactionOpportunityTests.ActionPlanAutoDeferredEventContainsCanonicalRippleAndRevision;ProjectHero.Authoring.Tests.Task05.Task05SimulationWiringTests.ActionPlanAutoDeferredEventContainsCanonicalRippleAndRevision;ProjectHero.Authoring.Tests.Task05.Task05StartGateAndTerminalTests.DirectMoveUpdatesLastRequestedStartTickButAutoDeferralDoesNot;ProjectHero.Logic.Tests.Task07BudgetTransactionTests.SystemAutoDeferralAdjustsBudgetWithScheduleAndReservationAtomically","具体断言及其执行结果；组件级排列/失败边界与代表性全流水线文件回放组合构成证据，不宣称每条配置均已在正式场景复现。"
"64","Verified","无有限 RetryAtTick、次数/视野超限、永久目标/路径失效及候选事务失败分别使用冻结终态原因；到期计划仍在 Editable 时释放预算/空间预留且 ScheduleRevision 不增加，后续计划不左移。","NoFiniteRetryTickTerminatesPlanAsActorUnavailableAtStart;AutoDeferralLimitOrHorizonTerminatesWithExplicitReason;FailedAutoDeferralTerminalReleasesReservationExactlyOnce","ProjectHero.Authoring.Tests.Task05.Task05SimulationWiringTests.AutoDeferralLimitOrHorizonTerminatesWithExplicitReason;ProjectHero.Authoring.Tests.Task05.Task05StartGateAndTerminalTests.NoFiniteRetryTickTerminatesPlanAsActorUnavailableAtStart;ProjectHero.Logic.Tests.Task07BudgetTransactionTests.FailedAutoDeferralTerminalReleasesReservationExactlyOnce","具体断言及其执行结果；组件级排列/失败边界与代表性全流水线文件回放组合构成证据，不宣称每条配置均已在正式场景复现。"
"65","Verified","固定 Block/Dodge 永不自动延期；StartTick/TriggerTick 前控制失效以 InterruptedByControl 终止且肾上腺素不退款。Lane/动作状态所有权矛盾或原子启动部分失败必须产生稳定 InvariantViolation，不能伪装为玩法终态。","AutoDeferralNeverMovesLockedRunningOrReactionPlan;ControlInvalidatesLockedReactionAsInterruptedByControl;ActionStateLaneDivergenceIsInvariantViolation;StartGateLockAndRunningCommitIsAtomic","ProjectHero.Authoring.Tests.Task05.Task05SimulationWiringTests.ActionStateLaneDivergenceIsInvariantViolation;ProjectHero.Authoring.Tests.Task05.Task05StartGateAndTerminalTests.ActionStateLaneDivergenceIsInvariantViolation;ProjectHero.Authoring.Tests.Task05.Task05StartGateAndTerminalTests.AutoDeferralNeverMovesLockedRunningOrReactionPlan;ProjectHero.Authoring.Tests.Task05.Task05StartGateAndTerminalTests.StartGateLockAndRunningCommitIsAtomic;ProjectHero.Logic.Tests.Task0108LifecycleRegressionTests.ControlInvalidatesLockedReactionAsInterruptedByControl","具体断言及其执行结果；组件级排列/失败边界与代表性全流水线文件回放组合构成证据，不宣称每条配置均已在正式场景复现。"
"66","Verified","含系统自动延期的记录不注入任何系统延期命令；两次从 Tick 0 重演仍逐 Tick 得到相同 AutoDeferred/Locked 事件、ripple PlanId、AutomaticDeferralCount、ScheduleRevision、预算/空间账本和最终哈希。","FinalCombatClassFileReplaysOneHundredTimesFromTickZero;RecordedPlayerFactsExcludeAiAndSystemSources","ProjectHero.Authoring.Tests.Task03.ReplayContractTests.RecordedPlayerFactsExcludeAiAndSystemSources;ProjectHero.Logic.Tests.Task11FinalMatrixReplayTests.FinalCombatClassFileReplaysOneHundredTimesFromTickZero(""AoeDodge"");ProjectHero.Logic.Tests.Task11FinalMatrixReplayTests.FinalCombatClassFileReplaysOneHundredTimesFromTickZero(""AutoDeferral"");ProjectHero.Logic.Tests.Task11FinalMatrixReplayTests.FinalCombatClassFileReplaysOneHundredTimesFromTickZero(""Block"");ProjectHero.Logic.Tests.Task11FinalMatrixReplayTests.FinalCombatClassFileReplaysOneHundredTimesFromTickZero(""Clash3"");ProjectHero.Logic.Tests.Task11FinalMatrixReplayTests.FinalCombatClassFileReplaysOneHundredTimesFromTickZero(""DisplacementDeath"");ProjectHero.Logic.Tests.Task11FinalMatrixReplayTests.FinalCombatClassFileReplaysOneHundredTimesFromTickZero(""Dodge"");ProjectHero.Logic.Tests.Task11FinalMatrixReplayTests.FinalCombatClassFileReplaysOneHundredTimesFromTickZero(""DodgeChain"");ProjectHero.Logic.Tests.Task11FinalMatrixReplayTests.FinalCombatClassFileReplaysOneHundredTimesFromTickZero(""FacingAoe"");ProjectHero.Logic.Tests.Task11FinalMatrixReplayTests.FinalCombatClassFileReplaysOneHundredTimesFromTickZero(""Flank"");ProjectHero.Logic.Tests.Task11FinalMatrixReplayTests.FinalCombatClassFileReplaysOneHundredTimesFromTickZero(""FriendlyAoe"");ProjectHero.Logic.Tests.Task11FinalMatrixReplayTests.FinalCombatClassFileReplaysOneHundredTimesFromTickZero(""Guard"");ProjectHero.Logic.Tests.Task11FinalMatrixReplayTests.FinalCombatClassFileReplaysOneHundredTimesFromTickZero(""MixedDodge"");ProjectHero.Logic.Tests.Task11FinalMatrixReplayTests.FinalCombatClassFileReplaysOneHundredTimesFromTickZero(""PartialBlock"");ProjectHero.Logic.Tests.Task11FinalMatrixReplayTests.FinalCombatClassFileReplaysOneHundredTimesFromTickZero(""Reservation"")","具体断言及其执行结果；组件级排列/失败边界与代表性全流水线文件回放组合构成证据，不宣称每条配置均已在正式场景复现。"
"67","Verified","对至少三个 Faction 的完整关系矩阵排列输入，规范定义、BattleDefinitionHash 及 Self/同 Faction Allied/跨 Faction Allied-Neutral-Hostile 查询完全一致；缺失、重复、A-B/B-A 反向重复、自关系或悬空条目稳定阻止构建。","FactionMatrixCanonicalizesEveryUnorderedPair;FactionMatrixHashIgnoresInputEnumerationOrder;BuilderRejectsMissingDuplicateReverseDuplicateOrDanglingFactionRelation","ProjectHero.Authoring.Tests.AuthoringInstanceRuleTests.BuilderRejectsMissingDuplicateReverseDuplicateOrDanglingFactionRelation;ProjectHero.Authoring.Tests.AuthoringInstanceRuleTests.FactionMatrixCanonicalizesEveryUnorderedPair;ProjectHero.Authoring.Tests.AuthoringInstanceRuleTests.FactionMatrixHashIgnoresInputEnumerationOrder","具体断言及其执行结果；组件级排列/失败边界与代表性全流水线文件回放组合构成证据，不宣称每条配置均已在正式场景复现。"
"68","Verified","分别用 Hostile-only、允许 Allied 友伤和允许 Neutral 的 PrimaryTarget/AOE 攻击运行命令校验、Telegraph、ReactionOpportunity、Impact 接触和 AI 选择，验证全链只使用同一 AllowedTargetRelations；改变 Controller/GameObject Tag 不改变结果，从 Tick 0 重演事件与哈希一致。","AreaAndPrimaryTargetPoliciesShareTheSameFactionRelationResolverAsTheCommandLayer;AreaOpportunityCandidatesUseSameFactionRelationMaskAsAttack;UiAndAiCandidateFiltersUseDecisionSnapshotFactionResolver;PrimaryTargetRelationMustBeAllowedByActionSpec;FinalCombatClassFileReplaysOneHundredTimesFromTickZero","ProjectHero.Authoring.Tests.Task05.Task05ReactionOpportunityTests.AreaOpportunityCandidatesUseSameFactionRelationMaskAsAttack;ProjectHero.Logic.Tests.Task08AoeTargetPolicyIntegrationTests.AreaAndPrimaryTargetPoliciesShareTheSameFactionRelationResolverAsTheCommandLayer;ProjectHero.Logic.Tests.Task09ProcessorAndAuthorityTests.UiAndAiCandidateFiltersUseDecisionSnapshotFactionResolver;ProjectHero.Logic.Tests.Task09ScheduleSemanticsTests.PrimaryTargetRelationMustBeAllowedByActionSpec;ProjectHero.Logic.Tests.Task11FinalMatrixReplayTests.FinalCombatClassFileReplaysOneHundredTimesFromTickZero(""AoeDodge"");ProjectHero.Logic.Tests.Task11FinalMatrixReplayTests.FinalCombatClassFileReplaysOneHundredTimesFromTickZero(""AutoDeferral"");ProjectHero.Logic.Tests.Task11FinalMatrixReplayTests.FinalCombatClassFileReplaysOneHundredTimesFromTickZero(""Block"");ProjectHero.Logic.Tests.Task11FinalMatrixReplayTests.FinalCombatClassFileReplaysOneHundredTimesFromTickZero(""Clash3"");ProjectHero.Logic.Tests.Task11FinalMatrixReplayTests.FinalCombatClassFileReplaysOneHundredTimesFromTickZero(""DisplacementDeath"");ProjectHero.Logic.Tests.Task11FinalMatrixReplayTests.FinalCombatClassFileReplaysOneHundredTimesFromTickZero(""Dodge"");ProjectHero.Logic.Tests.Task11FinalMatrixReplayTests.FinalCombatClassFileReplaysOneHundredTimesFromTickZero(""DodgeChain"");ProjectHero.Logic.Tests.Task11FinalMatrixReplayTests.FinalCombatClassFileReplaysOneHundredTimesFromTickZero(""FacingAoe"");ProjectHero.Logic.Tests.Task11FinalMatrixReplayTests.FinalCombatClassFileReplaysOneHundredTimesFromTickZero(""Flank"");ProjectHero.Logic.Tests.Task11FinalMatrixReplayTests.FinalCombatClassFileReplaysOneHundredTimesFromTickZero(""FriendlyAoe"");ProjectHero.Logic.Tests.Task11FinalMatrixReplayTests.FinalCombatClassFileReplaysOneHundredTimesFromTickZero(""Guard"");ProjectHero.Logic.Tests.Task11FinalMatrixReplayTests.FinalCombatClassFileReplaysOneHundredTimesFromTickZero(""MixedDodge"");ProjectHero.Logic.Tests.Task11FinalMatrixReplayTests.FinalCombatClassFileReplaysOneHundredTimesFromTickZero(""PartialBlock"");ProjectHero.Logic.Tests.Task11FinalMatrixReplayTests.FinalCombatClassFileReplaysOneHundredTimesFromTickZero(""Reservation"")","具体断言及其执行结果；组件级排列/失败边界与代表性全流水线文件回放组合构成证据，不宣称每条配置均已在正式场景复现。"
"69","RuntimeGap","动态单位分别使用固定 Faction 与 InheritSourceFaction 创建，验证创建事件、UnitSnapshot、后续关系/胜负一致；命令、Controller 或 View 尝试提供/改写 FactionId 均被拒绝，重新开始回放得到相同 UnitId/FactionId。","DynamicSpawnFactionComesOnlyFromFixedOrExplicitInheritancePolicy","ProjectHero.Authoring.Tests.AuthoringInstanceRuleTests.DynamicSpawnFactionComesOnlyFromFixedOrExplicitInheritancePolicy","只有固定/继承阵营策略定义、非法值拒绝与哈希测试；无战斗中动态单位创建事件、UnitSnapshot 或完整回放实现。"
"D1","Verified","A→B→D 前插入不重叠的 A→C Dodge：接受后保留两项 Move；成功换位后按 ActionPlanId 以 `MovementOriginInvalidatedByDodge` 终止完整依赖闭包，释放未来段/空间预留和原窗口 Reserved；Attack/Guard 等无该依赖的计划及其 Tick 保持不变，不自动改路、不左吸、不增加 ScheduleRevision。","DodgeOriginInvalidationFindsTransitiveMovesAcrossNonMovementPlans;DodgeMoveInvalidationReleasesReservedToEachOriginalWindowExactlyOnce;MainCanvasDodgeCancelsFutureMoveChainAndReleasesClosedOriginalWindow","ProjectHero.Authoring.Tests.Task05.Task05DodgeSeamTests.DodgeOriginInvalidationFindsTransitiveMovesAcrossNonMovementPlans;ProjectHero.Logic.Tests.Task07ForcedDisplacementBudgetTests.DodgeMoveInvalidationReleasesReservedToEachOriginalWindowExactlyOnce;ProjectHero.Tests.PlayMode.Task10WiredPresentationTests.MainCanvasDodgeCancelsFutureMoveChainAndReleasesClosedOriginalWindow","实际主场景 Canvas、真实 Player 端口与生产 AI；组合夹具显式降低攻击冲击，正式网格/单位体积/180 Tick/hero，显式统一各朝向攻击范围并配置攻击 60/30、反应 1/30 时序、真实伤害入账；不冒充未改配置的正式主场景组合。"
"D2","Verified","来源取消、控制打断、落点失效和未实际换位均不因本 Dodge 修改后续移动；独立死亡/强制位移等原因仍照常处理。注入换位提交失败，证明位置、计划、账本、索引及事件没有局部成功。","DodgeRelocationFailureDoesNotReleaseFutureMoveBudget;DodgeCommitFailureLeavesDependentMovesReservationsAndBudgetsUnchanged;CancelledDodgePreservesFutureMovementChain;DodgeWithoutPositionChangeDoesNotInvalidateMoves","ProjectHero.Logic.Tests.Task06DodgeRelocationTests.CancelledDodgePreservesFutureMovementChain;ProjectHero.Logic.Tests.Task06DodgeRelocationTests.DodgeCommitFailureLeavesDependentMovesReservationsAndBudgetsUnchanged;ProjectHero.Logic.Tests.Task06DodgeRelocationTests.DodgeWithoutPositionChangeDoesNotInvalidateMoves;ProjectHero.Logic.Tests.Task07ForcedDisplacementBudgetTests.DodgeRelocationFailureDoesNotReleaseFutureMoveBudget","具体断言及其执行结果；组件级排列/失败边界与代表性全流水线文件回放组合构成证据，不宣称每条配置均已在正式场景复现。"
"D3","Verified","预检之后新增/编辑/删除 Move，TriggerTick 按最新依赖查询处理；跨 Attack/Guard 的传递依赖不遗漏，已由其他原因终态的计划不重复清理或释放预算。","DodgeMovementTerminalIsIdempotentAndDoesNotIncrementScheduleRevision;DodgeOriginInvalidationFindsTransitiveMovesAcrossNonMovementPlans","ProjectHero.Authoring.Tests.Task05.Task05DodgeSeamTests.DodgeMovementTerminalIsIdempotentAndDoesNotIncrementScheduleRevision;ProjectHero.Authoring.Tests.Task05.Task05DodgeSeamTests.DodgeOriginInvalidationFindsTransitiveMovesAcrossNonMovementPlans","具体断言及其执行结果；组件级排列/失败边界与代表性全流水线文件回放组合构成证据，不宣称每条配置均已在正式场景复现。"
"D4","Verified","成功换位但仍被 AOE 命中、未获得 Dodge 成功奖励时，移动依赖清理仍发生。确认前条件预检不写入；实际提交事件包含稳定 InvalidatedPlanIds 与按原窗口释放额，关闭窗口的历史额度不被显示或使用为当前预算。","DodgeStillHitByAreaAttackInvalidatesOldOriginMovesWithoutSuccessReward;DodgeConfirmationShowsLogicProvidedConditionalMoveCancellationAndBudgetByWindow;DodgeMoveInvalidationDoesNotReopenClosedWindowOrTransferBudget;MainCanvasDodgeCancelsFutureMoveChainAndReleasesClosedOriginalWindow","ProjectHero.Authoring.Tests.Task10PresentationModelTests.DodgeConfirmationShowsLogicProvidedConditionalMoveCancellationAndBudgetByWindow;ProjectHero.Logic.Tests.Task07ForcedDisplacementBudgetTests.DodgeMoveInvalidationDoesNotReopenClosedWindowOrTransferBudget;ProjectHero.Logic.Tests.Task08CommitCoverageTests.DodgeStillHitByAreaAttackInvalidatesOldOriginMovesWithoutSuccessReward;ProjectHero.Tests.PlayMode.Task10WiredPresentationTests.MainCanvasDodgeCancelsFutureMoveChainAndReleasesClosedOriginalWindow","实际主场景 Canvas、真实 Player 端口与生产 AI；组合夹具显式降低攻击冲击，正式网格/单位体积/180 Tick/hero，显式统一各朝向攻击范围并配置攻击 60/30、反应 1/30 时序、真实伤害入账；不冒充未改配置的正式主场景组合。"
"D5","Verified","相同输入从 Tick 0 重演以及候选集合排列测试，逐 Tick 的终态原因、位置、Lane、预算、Reservation、事件与哈希一致。Dodge 移动依赖规则及新增终态原因纳入 RulesVersion / BattleDefinitionHash 兼容判断，不注入第二条系统取消命令。","FinalCombatClassFileReplaysOneHundredTimesFromTickZero;DodgeContactSetsEventsAndRewardsArePermutationInvariant;ReactionCostsTimingsTagsAndAdrenalineRulesAffectDefinitionHash","ProjectHero.Authoring.Tests.AuthoringInstanceRuleTests.ReactionCostsTimingsTagsAndAdrenalineRulesAffectDefinitionHash;ProjectHero.Logic.Tests.Task08RemainingCoverageTests.DodgeContactSetsEventsAndRewardsArePermutationInvariant;ProjectHero.Logic.Tests.Task11FinalMatrixReplayTests.FinalCombatClassFileReplaysOneHundredTimesFromTickZero(""AoeDodge"");ProjectHero.Logic.Tests.Task11FinalMatrixReplayTests.FinalCombatClassFileReplaysOneHundredTimesFromTickZero(""AutoDeferral"");ProjectHero.Logic.Tests.Task11FinalMatrixReplayTests.FinalCombatClassFileReplaysOneHundredTimesFromTickZero(""Block"");ProjectHero.Logic.Tests.Task11FinalMatrixReplayTests.FinalCombatClassFileReplaysOneHundredTimesFromTickZero(""Clash3"");ProjectHero.Logic.Tests.Task11FinalMatrixReplayTests.FinalCombatClassFileReplaysOneHundredTimesFromTickZero(""DisplacementDeath"");ProjectHero.Logic.Tests.Task11FinalMatrixReplayTests.FinalCombatClassFileReplaysOneHundredTimesFromTickZero(""Dodge"");ProjectHero.Logic.Tests.Task11FinalMatrixReplayTests.FinalCombatClassFileReplaysOneHundredTimesFromTickZero(""DodgeChain"");ProjectHero.Logic.Tests.Task11FinalMatrixReplayTests.FinalCombatClassFileReplaysOneHundredTimesFromTickZero(""FacingAoe"");ProjectHero.Logic.Tests.Task11FinalMatrixReplayTests.FinalCombatClassFileReplaysOneHundredTimesFromTickZero(""Flank"");ProjectHero.Logic.Tests.Task11FinalMatrixReplayTests.FinalCombatClassFileReplaysOneHundredTimesFromTickZero(""FriendlyAoe"");ProjectHero.Logic.Tests.Task11FinalMatrixReplayTests.FinalCombatClassFileReplaysOneHundredTimesFromTickZero(""Guard"");ProjectHero.Logic.Tests.Task11FinalMatrixReplayTests.FinalCombatClassFileReplaysOneHundredTimesFromTickZero(""MixedDodge"");ProjectHero.Logic.Tests.Task11FinalMatrixReplayTests.FinalCombatClassFileReplaysOneHundredTimesFromTickZero(""PartialBlock"");ProjectHero.Logic.Tests.Task11FinalMatrixReplayTests.FinalCombatClassFileReplaysOneHundredTimesFromTickZero(""Reservation"")","具体断言及其执行结果；组件级排列/失败边界与代表性全流水线文件回放组合构成证据，不宣称每条配置均已在正式场景复现。"
