"Criterion","Status","Requirement","FinalScenarioRefs","ExecutedCases","Boundary"
"可运行性","Verified","主战斗场景可进入、可行动、可结束","15","ProjectHero.Tests.PlayMode.Task10WiredPresentationTests.MainCanvasPlayerAttackFundsAiReactionAndFeedbackThroughProductionPorts;ProjectHero.Tests.PlayMode.Task10WiredPresentationTests.MainSceneBlockButtonUsesRealThreatAndDamageEarnedAdrenaline;ProjectHero.Tests.PlayMode.Task10WiredPresentationTests.MainSceneDodgeSelectionIsLocalUntilConfirmAndUsesRealThreat;ProjectHero.Tests.PlayMode.Task10WiredPresentationTests.MainSceneNewCompletesThreeColdBattlesWithPlayerCommandsAndOneEndFeedback","主方案要求由具体组件断言、真实场景及代表性完整回放组合关联；不把自动化总数作为独立证据。"
"纯逻辑边界","Verified","Unity 将 `ProjectHero.Logic` 作为独立 asmdef 编译，且程序集无 UnityEngine 引用","methods:LogicAssemblyHasNoUnityEngineReference","ProjectHero.Logic.Tests.AssemblyBoundaryTests.LogicAssemblyHasNoUnityEngineReference","主方案要求由具体组件断言、真实场景及代表性完整回放组合关联；不把自动化总数作为独立证据。"
"Authoring 边界","Verified","`ProjectHero.Authoring` 只引用允许的自定义程序集与 Unity 模块，不引用预定义 `Assembly-CSharp`，程序集依赖无环","methods:AuthoringAssemblyDoesNotReferenceAssemblyCSharp;CustomAssemblyDoesNotReferenceAssemblyCSharp","ProjectHero.Authoring.Tests.AssemblyBoundaryAuthoringTests.AuthoringAssemblyDoesNotReferenceAssemblyCSharp;ProjectHero.Authoring.Tests.Task10ProductionTests.CustomAssemblyDoesNotReferenceAssemblyCSharp","主方案要求由具体组件断言、真实场景及代表性完整回放组合关联；不把自动化总数作为独立证据。"
"配置完整性","Verified","当前 Encounter 引用的全部配置均有显式稳定 ID；完整定义零错误构建，不存在跳过资产、名称回退或运行时默认值","26;27","ProjectHero.Authoring.Tests.AuthoringInstanceRuleTests.BuilderRejectsEmptyOrUnknownTargetRelationMaskBits;ProjectHero.Authoring.Tests.AuthoringInstanceRuleTests.BuilderRejectsMissingDuplicateReverseDuplicateOrDanglingFactionRelation;ProjectHero.Authoring.Tests.AuthoringInstanceRuleTests.BuilderRejectsMissingOrUnknownSlotFaction;ProjectHero.Authoring.Tests.AuthoringInstanceRuleTests.BuilderRejectsVictoryGroupsContradictingFactionMatrix;ProjectHero.Authoring.Tests.AuthoringInstanceRuleTests.MainEncounterBuildsWithoutFallbackOrSkippedAsset;ProjectHero.Authoring.Tests.AuthoringMigrationTests.DefinitionAndHashIgnoreAssetDiscoveryOrder","主方案要求由具体组件断言、真实场景及代表性完整回放组合关联；不把自动化总数作为独立证据。"
"初始化确定性","Verified","相同定义、Encounter、种子和运行时输入重复初始化，Slot → Unit 映射、初始快照、下一个 ID 与配置哈希一致","17;28","ProjectHero.Authoring.Tests.AuthoringInstanceRuleTests.RenamingDisplayNameDoesNotChangeLogicIdOrHash;ProjectHero.Authoring.Tests.AuthoringInstanceRuleTests.RuntimeInputsProvideMetaResourceWithoutExternalSingleton;ProjectHero.Authoring.Tests.BattleInitializationTests.EncounterSlotsMapFactionIdsToRuntimeUnits;ProjectHero.Authoring.Tests.BattleInitializationTests.RepeatedInitializationIsByteIdenticalAcrossOneHundredRuns;ProjectHero.Authoring.Tests.Task10DriverTests.ReplayHeaderUsesFormatVersionAndPreStepInitialStateHash;ProjectHero.Logic.Tests.EncounterAndFactionTests.EncounterSlotOrderingUsesStringComparerOrdinal","主方案要求由具体组件断言、真实场景及代表性完整回放组合关联；不把自动化总数作为独立证据。"
"离散几何确定性","Verified","当前 Pattern/Volume 的 East 与 EastNorth 基准经受检整数公式无损展开为规范 12 向表；非法点或缺失基准稳定拒绝；Logic 命中、占位、Dodge 与寻路只查表和平移，不调用运行时三角函数或浮点舍入","methods:LegacyEvenAndOddBasesExpandToCanonicalTwelveDirections;ExplicitLegacyDirectionMustMatchCanonicalExpansion;LogicDirectionalGeometryHasNoRuntimeRotationDependency;LogicGridUsesCanonicalVolumeTableForEveryDirection","ProjectHero.Authoring.Tests.AuthoringMigrationTests.ExplicitLegacyDirectionMustMatchCanonicalExpansion;ProjectHero.Authoring.Tests.AuthoringMigrationTests.LegacyEvenAndOddBasesExpandToCanonicalTwelveDirections;ProjectHero.Logic.Tests.GridGeometryTests.LogicDirectionalGeometryHasNoRuntimeRotationDependency;ProjectHero.Logic.Tests.Task06LogicGridTests.LogicGridUsesCanonicalVolumeTableForEveryDirection","主方案要求由具体组件断言、真实场景及代表性完整回放组合关联；不把自动化总数作为独立证据。"
"寻路成本确定性","Verified","偶数/奇数方向严格使用 1/2 `StepWeightUnits`；A*、Move 时间与预算共用 `PathWeightUnits`；MoveSpeed 不影响选路；同成本路径、搜索上限、失败码和 checked 溢出结果可重复且参与定义哈希","13A;49","ProjectHero.Authoring.Tests.Task05.Task05ScheduleEditorTests.MoveChainRecomputesProjectedStartPathDurationAndBudget;ProjectHero.Logic.Tests.PathRulesTests.LegacyPerEdgeDurationClampIsNotANewTimingRule;ProjectHero.Logic.Tests.Task06DodgeRelocationTests.DodgeDoesNotCreateContinuousMovementOrInvulnerability;ProjectHero.Logic.Tests.Task06PathfinderTests.EqualTentativeGKeepsFirstCanonicalParent;ProjectHero.Logic.Tests.Task06PathfinderTests.EvenGridDirectionsHaveOneWeightUnit;ProjectHero.Logic.Tests.Task06PathfinderTests.MoveSpeedDoesNotChangeChosenPath;ProjectHero.Logic.Tests.Task06PathfinderTests.MoveSpeedOnlyChangesResolvedBaseStepTicks;ProjectHero.Logic.Tests.Task06PathfinderTests.OddGridDirectionsHaveTwoWeightUnits;ProjectHero.Logic.Tests.Task06PathfinderTests.OpenSetTieDoesNotDependOnInsertionSequence;ProjectHero.Logic.Tests.Task06PathfinderTests.PathFailurePriorityIsOverflowThenEdgeThenWeight;ProjectHero.Logic.Tests.Task06PathfinderTests.PathSearchAllowsExactly192Edges;ProjectHero.Logic.Tests.Task06PathfinderTests.PathSearchAllowsExactly256WeightUnits;ProjectHero.Logic.Tests.Task06PathfinderTests.PathSearchAllowsExactly4096ExpandedNodes;ProjectHero.Logic.Tests.Task07BudgetTransactionTests.MoveBudgetUsesPathWeightUnitsInsteadOfEdgeCount","主方案要求由具体组件断言、真实场景及代表性完整回放组合关联；不把自动化总数作为独立证据。"
"阵营模型与胜负","Verified","每个槽位/运行时单位有稳定且首版不可变的 FactionId；不同阵营关系矩阵静态、对称、闭合并规范哈希；Self/Allied/Neutral/Hostile 目标掩码被命令、AOE、反应与 AI 共用；控制权不决定关系；VictoryDefinition 分组合法，胜/负/双方全灭 Draw 均有确定测试","17;26;61;67;68","ProjectHero.Authoring.Tests.AuthoringInstanceRuleTests.BuilderRejectsEmptyOrUnknownTargetRelationMaskBits;ProjectHero.Authoring.Tests.AuthoringInstanceRuleTests.BuilderRejectsMissingDuplicateReverseDuplicateOrDanglingFactionRelation;ProjectHero.Authoring.Tests.AuthoringInstanceRuleTests.BuilderRejectsMissingOrUnknownSlotFaction;ProjectHero.Authoring.Tests.AuthoringInstanceRuleTests.BuilderRejectsVictoryGroupsContradictingFactionMatrix;ProjectHero.Authoring.Tests.AuthoringInstanceRuleTests.FactionMatrixCanonicalizesEveryUnorderedPair;ProjectHero.Authoring.Tests.AuthoringInstanceRuleTests.FactionMatrixHashIgnoresInputEnumerationOrder;ProjectHero.Authoring.Tests.AuthoringInstanceRuleTests.MainEncounterBuildsWithoutFallbackOrSkippedAsset;ProjectHero.Authoring.Tests.AuthoringInstanceRuleTests.RenamingDisplayNameDoesNotChangeLogicIdOrHash;ProjectHero.Authoring.Tests.BattleInitializationTests.EncounterSlotsMapFactionIdsToRuntimeUnits;ProjectHero.Authoring.Tests.Task03.SimulationLifecycleTests.ControllerRegistrationCannotMutateUnitFactionOrRelations;ProjectHero.Authoring.Tests.Task04.Task04LifecycleTests.OutOfObjectiveFactionDoesNotBlockEliminationVictoryOrLoseItsDisposition;ProjectHero.Authoring.Tests.Task04.Task04LifecycleTests.SimultaneousFactionEliminationProducesConfiguredDraw;ProjectHero.Authoring.Tests.Task04.Task04LifecycleTests.VictoryUsesFactionIdNotControllerOrPlayerFlag;ProjectHero.Authoring.Tests.Task05.Task05ReactionOpportunityTests.AreaOpportunityCandidatesUseSameFactionRelationMaskAsAttack;ProjectHero.Logic.Tests.EncounterAndFactionTests.EncounterSlotOrderingUsesStringComparerOrdinal;ProjectHero.Logic.Tests.Task08AoeTargetPolicyIntegrationTests.AreaAndPrimaryTargetPoliciesShareTheSameFactionRelationResolverAsTheCommandLayer;ProjectHero.Logic.Tests.Task09ProcessorAndAuthorityTests.UiAndAiCandidateFiltersUseDecisionSnapshotFactionResolver;ProjectHero.Logic.Tests.Task09ScheduleSemanticsTests.PrimaryTargetRelationMustBeAllowedByActionSpec;ProjectHero.Logic.Tests.Task11FinalMatrixReplayTests.FinalCombatClassFileReplaysOneHundredTimesFromTickZero(""AoeDodge"");ProjectHero.Logic.Tests.Task11FinalMatrixReplayTests.FinalCombatClassFileReplaysOneHundredTimesFromTickZero(""AutoDeferral"");ProjectHero.Logic.Tests.Task11FinalMatrixReplayTests.FinalCombatClassFileReplaysOneHundredTimesFromTickZero(""Block"");ProjectHero.Logic.Tests.Task11FinalMatrixReplayTests.FinalCombatClassFileReplaysOneHundredTimesFromTickZero(""Clash3"");ProjectHero.Logic.Tests.Task11FinalMatrixReplayTests.FinalCombatClassFileReplaysOneHundredTimesFromTickZero(""DisplacementDeath"");ProjectHero.Logic.Tests.Task11FinalMatrixReplayTests.FinalCombatClassFileReplaysOneHundredTimesFromTickZero(""Dodge"");ProjectHero.Logic.Tests.Task11FinalMatrixReplayTests.FinalCombatClassFileReplaysOneHundredTimesFromTickZero(""DodgeChain"");ProjectHero.Logic.Tests.Task11FinalMatrixReplayTests.FinalCombatClassFileReplaysOneHundredTimesFromTickZero(""FacingAoe"");ProjectHero.Logic.Tests.Task11FinalMatrixReplayTests.FinalCombatClassFileReplaysOneHundredTimesFromTickZero(""Flank"");ProjectHero.Logic.Tests.Task11FinalMatrixReplayTests.FinalCombatClassFileReplaysOneHundredTimesFromTickZero(""FriendlyAoe"");ProjectHero.Logic.Tests.Task11FinalMatrixReplayTests.FinalCombatClassFileReplaysOneHundredTimesFromTickZero(""Guard"");ProjectHero.Logic.Tests.Task11FinalMatrixReplayTests.FinalCombatClassFileReplaysOneHundredTimesFromTickZero(""MixedDodge"");ProjectHero.Logic.Tests.Task11FinalMatrixReplayTests.FinalCombatClassFileReplaysOneHundredTimesFromTickZero(""PartialBlock"");ProjectHero.Logic.Tests.Task11FinalMatrixReplayTests.FinalCombatClassFileReplaysOneHundredTimesFromTickZero(""Reservation"")","主方案要求由具体组件断言、真实场景及代表性完整回放组合关联；不把自动化总数作为独立证据。"
"运行时唯一性","Verified","每个战斗场景恰有一个 `BattleRuntimeBootstrap` 负责顶层时钟；Legacy/New/Shadow 适配器均无自主时钟推进生命周期","40","ProjectHero.Tests.PlayMode.RuntimeOwnershipTests.CombatDemoNoLongerOwnsAutonomousUpdate;ProjectHero.Tests.PlayMode.RuntimeOwnershipTests.NewModeDisablesEveryRegisteredLegacyLogicWriter;ProjectHero.Tests.PlayMode.RuntimeOwnershipTests.SceneHasExactlyOneBattleRuntimeBootstrap","主方案要求由具体组件断言、真实场景及代表性完整回放组合关联；不把自动化总数作为独立证据。"
"模式互斥","Verified","Legacy 不调用新 Step；New 不调用旧 `AdvanceTime()` 且禁用全部 Legacy 从属写入者；Shadow 只有完整 Legacy 运行组写权威状态和播放反馈","39;40;41;42","ProjectHero.Logic.Tests.Task11ReplayTests.ReplayCannotAuthorizeAiOrSystemInputs(Ai);ProjectHero.Logic.Tests.Task11ReplayTests.ReplayCannotAuthorizeAiOrSystemInputs(System);ProjectHero.Tests.PlayMode.RuntimeOwnershipTests.BroadDifferenceAllowlistIsRejected;ProjectHero.Tests.PlayMode.RuntimeOwnershipTests.CombatDemoNoLongerOwnsAutonomousUpdate;ProjectHero.Tests.PlayMode.RuntimeOwnershipTests.NewModeDisablesEveryRegisteredLegacyLogicWriter;ProjectHero.Tests.PlayMode.RuntimeOwnershipTests.NewModeNeverCallsLegacyAdvanceTime;ProjectHero.Tests.PlayMode.RuntimeOwnershipTests.SceneHasExactlyOneBattleRuntimeBootstrap;ProjectHero.Tests.PlayMode.RuntimeOwnershipTests.ShadowSimulationCannotBindViewsOrPlayFeedback;ProjectHero.Tests.PlayMode.RuntimeOwnershipTests.ShadowSimulationCannotMutateLegacyOrUnityState;ProjectHero.Tests.PlayMode.Task09ShadowMirrorTests.ShadowMirrorsPlayerRequestsButRebuildsAiAndSystemExactlyOnce;ProjectHero.Tests.PlayMode.Task10WiredPresentationTests.MainSceneNewCompletesThreeColdBattlesWithPlayerCommandsAndOneEndFeedback;ProjectHero.Tests.PlayMode.Task11ShadowClassificationTests.MainSceneShadowRetainsRealLegacyObservationsAndWritesNothingToPresentation","主方案要求由具体组件断言、真实场景及代表性完整回放组合关联；不把自动化总数作为独立证据。"
"Shadow 隔离","DeferredCutover","Shadow 新模拟使用独立世界，不绑定 View、不修改 Unity/旧逻辑状态；比较在只读 LateUpdate 检查点执行，差异按窄范围规则分类并可追溯，切换前暂不可比较字段为 0","42","ProjectHero.Tests.PlayMode.RuntimeOwnershipTests.BroadDifferenceAllowlistIsRejected;ProjectHero.Tests.PlayMode.RuntimeOwnershipTests.ShadowSimulationCannotBindViewsOrPlayFeedback;ProjectHero.Tests.PlayMode.RuntimeOwnershipTests.ShadowSimulationCannotMutateLegacyOrUnityState;ProjectHero.Tests.PlayMode.Task11ShadowClassificationTests.MainSceneShadowRetainsRealLegacyObservationsAndWritesNothingToPresentation","零写入和逐字段分类已验证，但生产 TemporarilyUncomparable 仍为 60，尚不满足切换前为 0 的严格门槛；不得将分类等同清零。"
"切换可逆性","Verified","删除 Legacy 前完成“结束当前战斗并以另一模式新建战斗”的回切演练；不承诺或实现战斗中状态迁移","43","ProjectHero.Tests.PlayMode.Task10WiredPresentationTests.MainSceneNewCompletesThreeColdBattlesWithPlayerCommandsAndOneEndFeedback","主方案要求由具体组件断言、真实场景及代表性完整回放组合关联；不把自动化总数作为独立证据。"
"快照一致性","Verified","非玩法变更阶段固定命令输出一致；玩法变更建立新版 golden snapshot","18;25;27;52","ProjectHero.Authoring.Tests.AuthoringMigrationTests.DefinitionAndHashIgnoreAssetDiscoveryOrder;ProjectHero.Authoring.Tests.Task05.Task05ActionPlanAndLaneTests.AcceptedAttackTimingDoesNotChangeAfterSpeedMutation;ProjectHero.Authoring.Tests.Task05.Task05ActionPlanAndLaneTests.MovingEditableAttackRebindsAbsoluteTicksWithoutResamplingSpeed;ProjectHero.Authoring.Tests.Task05.Task05ScheduleEditorTests.MovingEditableAttackRebindsAbsoluteTicksWithoutResamplingSpeed;ProjectHero.Logic.Tests.StatusEffectKernelTests.EffectIdsAreUniqueAndMonotonicAcrossUnitsAndSpecs;ProjectHero.Logic.Tests.Task07TurnWindowAndBudgetTests.AdrenalineSnapshotsAreOrderedAndCarryCycleAndReservations;ProjectHero.Logic.Tests.Task09CommandIngressTests.CommandSequenceMatchesAcrossFreshTickZeroRuns;ProjectHero.Logic.Tests.Task11FinalMatrixReplayTests.FinalCombatClassFileReplaysOneHundredTimesFromTickZero(""AoeDodge"");ProjectHero.Logic.Tests.Task11FinalMatrixReplayTests.FinalCombatClassFileReplaysOneHundredTimesFromTickZero(""AutoDeferral"");ProjectHero.Logic.Tests.Task11FinalMatrixReplayTests.FinalCombatClassFileReplaysOneHundredTimesFromTickZero(""Block"");ProjectHero.Logic.Tests.Task11FinalMatrixReplayTests.FinalCombatClassFileReplaysOneHundredTimesFromTickZero(""Clash3"");ProjectHero.Logic.Tests.Task11FinalMatrixReplayTests.FinalCombatClassFileReplaysOneHundredTimesFromTickZero(""DisplacementDeath"");ProjectHero.Logic.Tests.Task11FinalMatrixReplayTests.FinalCombatClassFileReplaysOneHundredTimesFromTickZero(""Dodge"");ProjectHero.Logic.Tests.Task11FinalMatrixReplayTests.FinalCombatClassFileReplaysOneHundredTimesFromTickZero(""DodgeChain"");ProjectHero.Logic.Tests.Task11FinalMatrixReplayTests.FinalCombatClassFileReplaysOneHundredTimesFromTickZero(""FacingAoe"");ProjectHero.Logic.Tests.Task11FinalMatrixReplayTests.FinalCombatClassFileReplaysOneHundredTimesFromTickZero(""Flank"");ProjectHero.Logic.Tests.Task11FinalMatrixReplayTests.FinalCombatClassFileReplaysOneHundredTimesFromTickZero(""FriendlyAoe"");ProjectHero.Logic.Tests.Task11FinalMatrixReplayTests.FinalCombatClassFileReplaysOneHundredTimesFromTickZero(""Guard"");ProjectHero.Logic.Tests.Task11FinalMatrixReplayTests.FinalCombatClassFileReplaysOneHundredTimesFromTickZero(""MixedDodge"");ProjectHero.Logic.Tests.Task11FinalMatrixReplayTests.FinalCombatClassFileReplaysOneHundredTimesFromTickZero(""PartialBlock"");ProjectHero.Logic.Tests.Task11FinalMatrixReplayTests.FinalCombatClassFileReplaysOneHundredTimesFromTickZero(""Reservation"");ProjectHero.Logic.Tests.Task11ReplayTests.PauseDoesNotAdvanceReplayAndRestartCreatesFreshWorld;ProjectHero.Tests.PlayMode.Task09ShadowProfileTests.CommandAndAiShadowProfileHasNoUnclassifiedDifference;ProjectHero.Tests.PlayMode.Task10WiredPresentationTests.MainCanvasPlayerAttackFundsAiReactionAndFeedbackThroughProductionPorts","主方案要求由具体组件断言、真实场景及代表性完整回放组合关联；不把自动化总数作为独立证据。"
"重复运行","Verified","同种子、同命令重复 100 次，检查点哈希与事件流一致","13","ProjectHero.Logic.Tests.Task11FinalMatrixReplayTests.FinalCombatClassFileReplaysOneHundredTimesFromTickZero(""AoeDodge"");ProjectHero.Logic.Tests.Task11FinalMatrixReplayTests.FinalCombatClassFileReplaysOneHundredTimesFromTickZero(""AutoDeferral"");ProjectHero.Logic.Tests.Task11FinalMatrixReplayTests.FinalCombatClassFileReplaysOneHundredTimesFromTickZero(""Block"");ProjectHero.Logic.Tests.Task11FinalMatrixReplayTests.FinalCombatClassFileReplaysOneHundredTimesFromTickZero(""Clash3"");ProjectHero.Logic.Tests.Task11FinalMatrixReplayTests.FinalCombatClassFileReplaysOneHundredTimesFromTickZero(""DisplacementDeath"");ProjectHero.Logic.Tests.Task11FinalMatrixReplayTests.FinalCombatClassFileReplaysOneHundredTimesFromTickZero(""Dodge"");ProjectHero.Logic.Tests.Task11FinalMatrixReplayTests.FinalCombatClassFileReplaysOneHundredTimesFromTickZero(""DodgeChain"");ProjectHero.Logic.Tests.Task11FinalMatrixReplayTests.FinalCombatClassFileReplaysOneHundredTimesFromTickZero(""FacingAoe"");ProjectHero.Logic.Tests.Task11FinalMatrixReplayTests.FinalCombatClassFileReplaysOneHundredTimesFromTickZero(""Flank"");ProjectHero.Logic.Tests.Task11FinalMatrixReplayTests.FinalCombatClassFileReplaysOneHundredTimesFromTickZero(""FriendlyAoe"");ProjectHero.Logic.Tests.Task11FinalMatrixReplayTests.FinalCombatClassFileReplaysOneHundredTimesFromTickZero(""Guard"");ProjectHero.Logic.Tests.Task11FinalMatrixReplayTests.FinalCombatClassFileReplaysOneHundredTimesFromTickZero(""MixedDodge"");ProjectHero.Logic.Tests.Task11FinalMatrixReplayTests.FinalCombatClassFileReplaysOneHundredTimesFromTickZero(""PartialBlock"");ProjectHero.Logic.Tests.Task11FinalMatrixReplayTests.FinalCombatClassFileReplaysOneHundredTimesFromTickZero(""Reservation"");ProjectHero.Logic.Tests.Task11ReplayTests.ReplayRepeatsOneHundredTimesWithFullEventPayloadAndHashes","主方案要求由具体组件断言、真实场景及代表性完整回放组合关联；不把自动化总数作为独立证据。"
"开发者回放","Verified","从 Header 新建模拟并由 Tick 0 重演；载入、播放/暂停、速度调整和重新开始得到相同事件与检查点哈希","13;18;28;32;38;39","ProjectHero.Authoring.Tests.AuthoringInstanceRuleTests.RuntimeInputsProvideMetaResourceWithoutExternalSingleton;ProjectHero.Authoring.Tests.Task03.ReplayContractTests.TickZeroReplayFromRecordedPlayerFactsReproducesIdenticalHashes;ProjectHero.Authoring.Tests.Task10DriverTests.ReplayHeaderUsesFormatVersionAndPreStepInitialStateHash;ProjectHero.Logic.Tests.StatusEffectKernelTests.EffectIdsAreUniqueAndMonotonicAcrossUnitsAndSpecs;ProjectHero.Logic.Tests.Task09CommandIngressTests.CommandSequenceMatchesAcrossFreshTickZeroRuns;ProjectHero.Logic.Tests.Task11FinalMatrixReplayTests.FinalCombatClassFileReplaysOneHundredTimesFromTickZero(""AoeDodge"");ProjectHero.Logic.Tests.Task11FinalMatrixReplayTests.FinalCombatClassFileReplaysOneHundredTimesFromTickZero(""AutoDeferral"");ProjectHero.Logic.Tests.Task11FinalMatrixReplayTests.FinalCombatClassFileReplaysOneHundredTimesFromTickZero(""Block"");ProjectHero.Logic.Tests.Task11FinalMatrixReplayTests.FinalCombatClassFileReplaysOneHundredTimesFromTickZero(""Clash3"");ProjectHero.Logic.Tests.Task11FinalMatrixReplayTests.FinalCombatClassFileReplaysOneHundredTimesFromTickZero(""DisplacementDeath"");ProjectHero.Logic.Tests.Task11FinalMatrixReplayTests.FinalCombatClassFileReplaysOneHundredTimesFromTickZero(""Dodge"");ProjectHero.Logic.Tests.Task11FinalMatrixReplayTests.FinalCombatClassFileReplaysOneHundredTimesFromTickZero(""DodgeChain"");ProjectHero.Logic.Tests.Task11FinalMatrixReplayTests.FinalCombatClassFileReplaysOneHundredTimesFromTickZero(""FacingAoe"");ProjectHero.Logic.Tests.Task11FinalMatrixReplayTests.FinalCombatClassFileReplaysOneHundredTimesFromTickZero(""Flank"");ProjectHero.Logic.Tests.Task11FinalMatrixReplayTests.FinalCombatClassFileReplaysOneHundredTimesFromTickZero(""FriendlyAoe"");ProjectHero.Logic.Tests.Task11FinalMatrixReplayTests.FinalCombatClassFileReplaysOneHundredTimesFromTickZero(""Guard"");ProjectHero.Logic.Tests.Task11FinalMatrixReplayTests.FinalCombatClassFileReplaysOneHundredTimesFromTickZero(""MixedDodge"");ProjectHero.Logic.Tests.Task11FinalMatrixReplayTests.FinalCombatClassFileReplaysOneHundredTimesFromTickZero(""PartialBlock"");ProjectHero.Logic.Tests.Task11FinalMatrixReplayTests.FinalCombatClassFileReplaysOneHundredTimesFromTickZero(""Reservation"");ProjectHero.Logic.Tests.Task11ReplayTests.FutureBucketsWithEqualCountsAndDifferentPayloadsHaveDifferentHashes;ProjectHero.Logic.Tests.Task11ReplayTests.FutureRequestKeepsOriginalSubmissionBoundaryAndEveryCheckpoint;ProjectHero.Logic.Tests.Task11ReplayTests.IncompatibleHeaderIsRejectedBeforeCreatingWorld(""definition"");ProjectHero.Logic.Tests.Task11ReplayTests.IncompatibleHeaderIsRejectedBeforeCreatingWorld(""format"");ProjectHero.Logic.Tests.Task11ReplayTests.IncompatibleHeaderIsRejectedBeforeCreatingWorld(""rules"");ProjectHero.Logic.Tests.Task11ReplayTests.PauseDoesNotAdvanceReplayAndRestartCreatesFreshWorld;ProjectHero.Logic.Tests.Task11ReplayTests.PriorV3ReplayIsRejectedBeforeCreatingWorld;ProjectHero.Logic.Tests.Task11ReplayTests.ReplayCannotAuthorizeAiOrSystemInputs(Ai);ProjectHero.Logic.Tests.Task11ReplayTests.ReplayCannotAuthorizeAiOrSystemInputs(System);ProjectHero.Logic.Tests.Task11ReplayTests.ReplayRepeatsOneHundredTimesWithFullEventPayloadAndHashes;ProjectHero.Tests.PlayMode.Task09ShadowMirrorTests.ShadowMirrorsPlayerRequestsButRebuildsAiAndSystemExactlyOnce","主方案要求由具体组件断言、真实场景及代表性完整回放组合关联；不把自动化总数作为独立证据。"
"窗口独立性","Verified","新窗口可在旧 ActionPlan 未完成时打开；窗口切换不修改计划、Intent、Lane 或 Reservation","1;3","ProjectHero.Logic.Tests.Task07BudgetTransactionTests.PlanFromWindowAStartsAndEndsDuringLaterWindows;ProjectHero.Logic.Tests.Task07BudgetTransactionTests.WindowSwitchDoesNotMutatePlanLaneIntentOrReservation","主方案要求由具体组件断言、真实场景及代表性完整回放组合关联；不把自动化总数作为独立证据。"
"命令原子性","Verified","拒绝命令不改变预算或排程；ScheduleEdit 失败完整回滚且修订号不变；预算永不为负","29;31;56;57;58","ProjectHero.Authoring.Tests.Task03.CommandIngressTests.ProducerCannotProvideReactionTriggerTickOrRuleCost;ProjectHero.Authoring.Tests.Task03.CommandIngressTests.ProducerCannotProvideSourcePriorityOrCommandSequence;ProjectHero.Authoring.Tests.Task03.CommandIngressTests.RawRequestPermutationProducesSameCanonicalCommandOrder;ProjectHero.Authoring.Tests.Task03.CommandIngressTests.ScheduleEditsCompareExpectedRevisionToFrozenBatchBase;ProjectHero.Authoring.Tests.Task03.CommandIngressTests.ScopePayloadMismatchIsRejectedDeterministically;ProjectHero.Authoring.Tests.Task05.Task05ScheduleEditorTests.MoveChainRecomputesProjectedStartPathDurationAndBudget;ProjectHero.Authoring.Tests.Task05.Task05StartGateAndTerminalTests.FailedSystemAutoDeferralDoesNotIncrementRevision;ProjectHero.Logic.Tests.Task07BudgetTransactionTests.EditablePlanReservesBudgetWithoutSpendingIt;ProjectHero.Logic.Tests.Task07BudgetTransactionTests.LockedOrRunningTerminalDoesNotRefundSpentBudget;ProjectHero.Logic.Tests.Task07BudgetTransactionTests.ScheduleEditFailureRollsBackBudgetLanePlanAndReservation;ProjectHero.Logic.Tests.Task07BudgetTransactionTests.StartableCommitConvertsReservedBudgetToSpentExactlyOnce;ProjectHero.Logic.Tests.Task07BudgetTransactionTests.SystemAutoDeferralAdjustsBudgetWithScheduleAndReservationAtomically;ProjectHero.Logic.Tests.Task07TurnWindowAndBudgetTests.ConcurrentActivationRejectsStaleWindow;ProjectHero.Logic.Tests.Task07TurnWindowAndBudgetTests.EditablePlanReservesBudgetWithoutSpendingIt;ProjectHero.Logic.Tests.Task07TurnWindowAndBudgetTests.ReleasingClosedWindowReservationDoesNotReopenSubmissions;ProjectHero.Logic.Tests.Task09ReactionCommandTests.PlayerCannotIssueReactionForUnitItDoesNotControl;ProjectHero.Logic.Tests.Task09ScheduleSemanticsTests.PlayerAndAiDisjointScheduleEditsFromSameSnapshotCanBothSucceed;ProjectHero.Tests.PlayMode.Task10WiredPresentationTests.MainSceneTimelineDiscardsDraftWhenPlanStartsWithoutRevisionChange","主方案要求由具体组件断言、真实场景及代表性完整回放组合关联；不把自动化总数作为独立证据。"
"启动门禁","Verified","到期普通计划只可能原子启动、确定性自动延期或以冻结原因终止；临时阻塞复用同一 ScheduleEvaluator，Locked/Running/反应不重排，内部矛盾明确失败","53;55;62;63;64;65","ProjectHero.Authoring.Tests.Task05.Task05ReactionOpportunityTests.ActionPlanAutoDeferredEventContainsCanonicalRippleAndRevision;ProjectHero.Authoring.Tests.Task05.Task05SimulationWiringTests.ActionPlanAutoDeferredEventContainsCanonicalRippleAndRevision;ProjectHero.Authoring.Tests.Task05.Task05SimulationWiringTests.ActionStateLaneDivergenceIsInvariantViolation;ProjectHero.Authoring.Tests.Task05.Task05SimulationWiringTests.AutoDeferralLimitOrHorizonTerminatesWithExplicitReason;ProjectHero.Authoring.Tests.Task05.Task05SimulationWiringTests.TimedControlBlockerAutoDefersDueEditablePlan;ProjectHero.Authoring.Tests.Task05.Task05StartGateAndTerminalTests.ActionStateLaneDivergenceIsInvariantViolation;ProjectHero.Authoring.Tests.Task05.Task05StartGateAndTerminalTests.AutoDeferralNeverMovesLockedRunningOrReactionPlan;ProjectHero.Authoring.Tests.Task05.Task05StartGateAndTerminalTests.ControlExpiringAtStartTickAllowsPlanToStartWithoutDelay;ProjectHero.Authoring.Tests.Task05.Task05StartGateAndTerminalTests.DirectMoveUpdatesLastRequestedStartTickButAutoDeferralDoesNot;ProjectHero.Authoring.Tests.Task05.Task05StartGateAndTerminalTests.NoFiniteRetryTickTerminatesPlanAsActorUnavailableAtStart;ProjectHero.Authoring.Tests.Task05.Task05StartGateAndTerminalTests.StartGateLockAndRunningCommitIsAtomic;ProjectHero.Authoring.Tests.Task05.Task05StartGateAndTerminalTests.SystemAutoDeferralRipplesOnlyEditableClosureRight;ProjectHero.Logic.Tests.Task0108LifecycleRegressionTests.ControlInvalidatesLockedReactionAsInterruptedByControl;ProjectHero.Logic.Tests.Task07BudgetTransactionTests.FailedAutoDeferralTerminalReleasesReservationExactlyOnce;ProjectHero.Logic.Tests.Task07BudgetTransactionTests.StartableCommitAtomicallyIncludesSpentLockedAndRunning;ProjectHero.Logic.Tests.Task07BudgetTransactionTests.SystemAutoDeferralAdjustsBudgetWithScheduleAndReservationAtomically;ProjectHero.Logic.Tests.Task09CommandIngressTests.InputAfterFreezeTargetsNPlusTwoAndCannotEditNPlusOnePlan;ProjectHero.Logic.Tests.Task09RemovalSemanticsTests.RemoveEditablePlanDoesNotPullLaterPlansLeft","主方案要求由具体组件断言、真实场景及代表性完整回放组合关联；不把自动化总数作为独立证据。"
"攻击时序","Verified","前摇按 `ReferenceActionSpeed / ActionSpeed` 一次性量化；命中只发生于 `ImpactTick`；后摇不受速度影响；预算成本等于前摇加后摇","23;24;25","ProjectHero.Authoring.Tests.Task05.Task05ActionPlanAndLaneTests.AcceptedAttackTimingDoesNotChangeAfterSpeedMutation;ProjectHero.Authoring.Tests.Task05.Task05ActionPlanAndLaneTests.ActionSpeedChangesWindupButNotRecovery;ProjectHero.Authoring.Tests.Task05.Task05ActionPlanAndLaneTests.AttackImpactOccursAtResolvedWindupEndAndBudgetEqualsWindupPlusRecovery;ProjectHero.Authoring.Tests.Task05.Task05ActionPlanAndLaneTests.MovingEditableAttackRebindsAbsoluteTicksWithoutResamplingSpeed;ProjectHero.Authoring.Tests.Task05.Task05ScheduleEditorTests.MovingEditableAttackRebindsAbsoluteTicksWithoutResamplingSpeed;ProjectHero.Authoring.Tests.Task05.Task05SimulationWiringTests.AttackInterruptedBeforeImpactEmitsNoIntent;ProjectHero.Authoring.Tests.Task05.Task05SimulationWiringTests.FrozenCurrentTickIntentResolvesBeforeTerminalCleanup;ProjectHero.Authoring.Tests.Task05.Task05SimulationWiringTests.ImpactTickTransitionsToRecoveryAndStillEmitsIntent","主方案要求由具体组件断言、真实场景及代表性完整回放组合关联；不把自动化总数作为独立证据。"
"普通动作时序","Verified","Guard 的 Windup/Active/Recovery、Move 的每权重单位 Tick/Recovery 与预算成本均由专属 TimingSpec 一次性量化；权重 2 的边持续时间和预算都是权重 1 边的两倍","47;49","ProjectHero.Authoring.Tests.Task05.Task05ScheduleEditorTests.MoveChainRecomputesProjectedStartPathDurationAndBudget;ProjectHero.Logic.Tests.Task0108LifecycleRegressionTests.GuardPhaseUsesItsActiveAndRecoveryBoundaries;ProjectHero.Logic.Tests.Task06DodgeRelocationTests.DodgeDoesNotCreateContinuousMovementOrInvulnerability;ProjectHero.Logic.Tests.Task06PathfinderTests.MoveSpeedOnlyChangesResolvedBaseStepTicks;ProjectHero.Logic.Tests.Task07BudgetTransactionTests.MoveBudgetUsesPathWeightUnitsInsteadOfEdgeCount;ProjectHero.Logic.Tests.Task08DefenseCoverageTests.BlockZeroesAllEligibleDamageAndMomentumOnTriggerTick;ProjectHero.Logic.Tests.Task08RemainingCoverageTests.GuardPartiallyReducesEligibleDamageAndMomentumOnlyWhileActive","主方案要求由具体组件断言、真实场景及代表性完整回放组合关联；不把自动化总数作为独立证据。"
"反应时序","Verified","Block/Dodge 只能引用攻击公开后生成的 Opportunity；Tick N 公开后玩家/AI 最早都投递 N+1；命令不能提供 Tick；TriggerTick 严格等于来源 ImpactTick，固定区间不得被 Lane 平移","2;45;46","ProjectHero.Authoring.Tests.Task05.Task05ReactionOpportunityTests.ReactionCommandCannotProvideTriggerTick;ProjectHero.Authoring.Tests.Task05.Task05ReactionOpportunityTests.ReactionOptionDeadlineIsInclusiveAndExpiresAfterCommandPhase;ProjectHero.Authoring.Tests.Task05.Task05SimulationWiringTests.ReactionCommandCannotProvideTriggerTick;ProjectHero.Authoring.Tests.Task05.Task05SimulationWiringTests.ReactionOpportunityOpensThroughSimulationAtAtomicStart;ProjectHero.Logic.Tests.Task09AiDecisionTests.AiAndPlayerAvailabilityUsesSameActionSetRules;ProjectHero.Logic.Tests.Task09AiDecisionTests.AiCannotCreateOpportunityOrReactionPlanDirectly;ProjectHero.Logic.Tests.Task09AiDecisionTests.PlayerAndAiShareOneTickReactionIngressLead;ProjectHero.Logic.Tests.Task09ReactionCommandTests.PlayerAndAiReactionsUseSameProcessorAndPlanner;ProjectHero.Logic.Tests.Task09ReactionCommandTests.ReactionAtOptionDeadlineIsAcceptedAndAfterDeadlineIsRejected;ProjectHero.Logic.Tests.Task09ReactionCommandTests.ReactionBeforeOpportunityExistsIsRejected;ProjectHero.Logic.Tests.Task11FinalMatrixReplayTests.FinalCombatClassFileReplaysOneHundredTimesFromTickZero(""AoeDodge"");ProjectHero.Logic.Tests.Task11FinalMatrixReplayTests.FinalCombatClassFileReplaysOneHundredTimesFromTickZero(""AutoDeferral"");ProjectHero.Logic.Tests.Task11FinalMatrixReplayTests.FinalCombatClassFileReplaysOneHundredTimesFromTickZero(""Block"");ProjectHero.Logic.Tests.Task11FinalMatrixReplayTests.FinalCombatClassFileReplaysOneHundredTimesFromTickZero(""Clash3"");ProjectHero.Logic.Tests.Task11FinalMatrixReplayTests.FinalCombatClassFileReplaysOneHundredTimesFromTickZero(""DisplacementDeath"");ProjectHero.Logic.Tests.Task11FinalMatrixReplayTests.FinalCombatClassFileReplaysOneHundredTimesFromTickZero(""Dodge"");ProjectHero.Logic.Tests.Task11FinalMatrixReplayTests.FinalCombatClassFileReplaysOneHundredTimesFromTickZero(""DodgeChain"");ProjectHero.Logic.Tests.Task11FinalMatrixReplayTests.FinalCombatClassFileReplaysOneHundredTimesFromTickZero(""FacingAoe"");ProjectHero.Logic.Tests.Task11FinalMatrixReplayTests.FinalCombatClassFileReplaysOneHundredTimesFromTickZero(""Flank"");ProjectHero.Logic.Tests.Task11FinalMatrixReplayTests.FinalCombatClassFileReplaysOneHundredTimesFromTickZero(""FriendlyAoe"");ProjectHero.Logic.Tests.Task11FinalMatrixReplayTests.FinalCombatClassFileReplaysOneHundredTimesFromTickZero(""Guard"");ProjectHero.Logic.Tests.Task11FinalMatrixReplayTests.FinalCombatClassFileReplaysOneHundredTimesFromTickZero(""MixedDodge"");ProjectHero.Logic.Tests.Task11FinalMatrixReplayTests.FinalCombatClassFileReplaysOneHundredTimesFromTickZero(""PartialBlock"");ProjectHero.Logic.Tests.Task11FinalMatrixReplayTests.FinalCombatClassFileReplaysOneHundredTimesFromTickZero(""Reservation"");ProjectHero.Tests.PlayMode.Task10WiredPresentationTests.MainCanvasPlayerAttackFundsAiReactionAndFeedbackThroughProductionPorts","主方案要求由具体组件断言、真实场景及代表性完整回放组合关联；不把自动化总数作为独立证据。"
"反应公平性","Verified","任意单位的可用性只取决于 ActionSet、机会、状态/Lane 与肾上腺素；玩家和 AI 使用同一公开快照、输入提前量、命令、校验、费用、拒绝码与计划路径","31;46","ProjectHero.Authoring.Tests.Task03.CommandIngressTests.ProducerCannotProvideReactionTriggerTickOrRuleCost;ProjectHero.Authoring.Tests.Task03.CommandIngressTests.ProducerCannotProvideSourcePriorityOrCommandSequence;ProjectHero.Authoring.Tests.Task03.CommandIngressTests.ScopePayloadMismatchIsRejectedDeterministically;ProjectHero.Logic.Tests.Task07TurnWindowAndBudgetTests.ConcurrentActivationRejectsStaleWindow;ProjectHero.Logic.Tests.Task09AiDecisionTests.AiAndPlayerAvailabilityUsesSameActionSetRules;ProjectHero.Logic.Tests.Task09AiDecisionTests.AiCannotCreateOpportunityOrReactionPlanDirectly;ProjectHero.Logic.Tests.Task09AiDecisionTests.PlayerAndAiShareOneTickReactionIngressLead;ProjectHero.Logic.Tests.Task09ReactionCommandTests.PlayerAndAiReactionsUseSameProcessorAndPlanner;ProjectHero.Logic.Tests.Task09ReactionCommandTests.PlayerCannotIssueReactionForUnitItDoesNotControl;ProjectHero.Tests.PlayMode.Task10WiredPresentationTests.MainCanvasPlayerAttackFundsAiReactionAndFeedbackThroughProductionPorts","主方案要求由具体组件断言、真实场景及代表性完整回放组合关联；不把自动化总数作为独立证据。"
"防御语义","Verified","Guard 仅在 Active 区间提供部分伤害/动量抵抗；Block 在 TriggerTick 对全部合格接触完全抵抗；Dodge 只通过原子换格和空间复核避伤","8;9;37;47;48;D1;D2;D3;D4","ProjectHero.Authoring.Tests.Task05.Task05DodgeSeamTests.DodgeMovementTerminalIsIdempotentAndDoesNotIncrementScheduleRevision;ProjectHero.Authoring.Tests.Task05.Task05DodgeSeamTests.DodgeOriginInvalidationFindsTransitiveMovesAcrossNonMovementPlans;ProjectHero.Authoring.Tests.Task10PresentationModelTests.DodgeConfirmationShowsLogicProvidedConditionalMoveCancellationAndBudgetByWindow;ProjectHero.Logic.Tests.ReactionAndAdrenalineTests.TrueDamageBypassesPassiveAndActionResistance;ProjectHero.Logic.Tests.Task0108LifecycleRegressionTests.GuardPhaseUsesItsActiveAndRecoveryBoundaries;ProjectHero.Logic.Tests.Task0108LifecycleRegressionTests.SuccessfulDodgeConsumesAndCompletesWithoutCancellingSourceAttack;ProjectHero.Logic.Tests.Task06DodgeRelocationTests.CancelledDodgePreservesFutureMovementChain;ProjectHero.Logic.Tests.Task06DodgeRelocationTests.DodgeCommitFailureLeavesDependentMovesReservationsAndBudgetsUnchanged;ProjectHero.Logic.Tests.Task06DodgeRelocationTests.DodgeWithoutPositionChangeDoesNotInvalidateMoves;ProjectHero.Logic.Tests.Task07ForcedDisplacementBudgetTests.DodgeMoveInvalidationDoesNotReopenClosedWindowOrTransferBudget;ProjectHero.Logic.Tests.Task07ForcedDisplacementBudgetTests.DodgeMoveInvalidationReleasesReservedToEachOriginalWindowExactlyOnce;ProjectHero.Logic.Tests.Task07ForcedDisplacementBudgetTests.DodgeRelocationFailureDoesNotReleaseFutureMoveBudget;ProjectHero.Logic.Tests.Task08CommitCoverageTests.DodgeStillHitByAreaAttackInvalidatesOldOriginMovesWithoutSuccessReward;ProjectHero.Logic.Tests.Task08DefenseCoverageTests.BlockingStateOutsideTriggerTickProvidesNoResistance;ProjectHero.Logic.Tests.Task08DefenseCoverageTests.BlockOrDodgeDoesNotTerminateAttackingPlan(Block);ProjectHero.Logic.Tests.Task08DefenseCoverageTests.BlockOrDodgeDoesNotTerminateAttackingPlan(Dodge);ProjectHero.Logic.Tests.Task08DefenseCoverageTests.BlockZeroesAllEligibleDamageAndMomentumOnTriggerTick;ProjectHero.Logic.Tests.Task08DefenseCoverageTests.DamageEventContainsPerChannelAndMomentumBeforeAfterValues;ProjectHero.Logic.Tests.Task08DefenseCoverageTests.DodgeCommitEmitsOneTriggerEvenWithoutSuccessfulAvoidance;ProjectHero.Logic.Tests.Task08DefenseCoverageTests.DodgedAoeTargetDoesNotProtectOtherTargets;ProjectHero.Logic.Tests.Task08DefenseCoverageTests.DodgeWithoutContactsEmitsOneResolutionWithNullGroup;ProjectHero.Logic.Tests.Task08DefenseCoverageTests.FailedDodgeCommitEmitsResolutionButNoTriggerOrReward;ProjectHero.Logic.Tests.Task08DefenseCoverageTests.FullyUnblockableContactIsIneffectiveHitAndDoesNotRewardBlock;ProjectHero.Logic.Tests.Task08DefenseCoverageTests.PartiallyBlockedContactKeepsBypassComponents;ProjectHero.Logic.Tests.Task08MultiPartyCoverageTests.MixedSameTickBlockReportsPartialSuccessAndAccruesOnce;ProjectHero.Logic.Tests.Task08RemainingCoverageTests.BlockHandlesAllSameTickEligibleContactsIndependentOfOrder;ProjectHero.Logic.Tests.Task08RemainingCoverageTests.DodgeContactSetsEventsAndRewardsArePermutationInvariant;ProjectHero.Logic.Tests.Task08RemainingCoverageTests.GuardDoesNotInvalidateContact;ProjectHero.Logic.Tests.Task08RemainingCoverageTests.GuardPartiallyReducesEligibleDamageAndMomentumOnlyWhileActive;ProjectHero.Logic.Tests.Task08RemainingCoverageTests.UndodgeableRetainsPreDodgeContactOutsideNewArea;ProjectHero.Logic.Tests.Task11FinalMatrixReplayTests.FinalCombatClassFileReplaysOneHundredTimesFromTickZero(""AoeDodge"");ProjectHero.Logic.Tests.Task11FinalMatrixReplayTests.FinalCombatClassFileReplaysOneHundredTimesFromTickZero(""AutoDeferral"");ProjectHero.Logic.Tests.Task11FinalMatrixReplayTests.FinalCombatClassFileReplaysOneHundredTimesFromTickZero(""Block"");ProjectHero.Logic.Tests.Task11FinalMatrixReplayTests.FinalCombatClassFileReplaysOneHundredTimesFromTickZero(""Clash3"");ProjectHero.Logic.Tests.Task11FinalMatrixReplayTests.FinalCombatClassFileReplaysOneHundredTimesFromTickZero(""DisplacementDeath"");ProjectHero.Logic.Tests.Task11FinalMatrixReplayTests.FinalCombatClassFileReplaysOneHundredTimesFromTickZero(""Dodge"");ProjectHero.Logic.Tests.Task11FinalMatrixReplayTests.FinalCombatClassFileReplaysOneHundredTimesFromTickZero(""DodgeChain"");ProjectHero.Logic.Tests.Task11FinalMatrixReplayTests.FinalCombatClassFileReplaysOneHundredTimesFromTickZero(""FacingAoe"");ProjectHero.Logic.Tests.Task11FinalMatrixReplayTests.FinalCombatClassFileReplaysOneHundredTimesFromTickZero(""Flank"");ProjectHero.Logic.Tests.Task11FinalMatrixReplayTests.FinalCombatClassFileReplaysOneHundredTimesFromTickZero(""FriendlyAoe"");ProjectHero.Logic.Tests.Task11FinalMatrixReplayTests.FinalCombatClassFileReplaysOneHundredTimesFromTickZero(""Guard"");ProjectHero.Logic.Tests.Task11FinalMatrixReplayTests.FinalCombatClassFileReplaysOneHundredTimesFromTickZero(""MixedDodge"");ProjectHero.Logic.Tests.Task11FinalMatrixReplayTests.FinalCombatClassFileReplaysOneHundredTimesFromTickZero(""PartialBlock"");ProjectHero.Logic.Tests.Task11FinalMatrixReplayTests.FinalCombatClassFileReplaysOneHundredTimesFromTickZero(""Reservation"");ProjectHero.Tests.PlayMode.Task10WiredPresentationTests.MainCanvasDodgeCancelsFutureMoveChainAndReleasesClosedOriginalWindow","主方案要求由具体组件断言、真实场景及代表性完整回放组合关联；不把自动化总数作为独立证据。"
"伤害统一","Verified","接触使用稳定 DamageChannelId 分量与独立 MomentumPacket；事件/快照可追溯 Raw、被动抵抗、动作抵抗和最终动量","10;48","ProjectHero.Authoring.Tests.Task04.Task04LifecycleTests.SimultaneousFactionEliminationProducesConfiguredDraw;ProjectHero.Logic.Tests.ReactionAndAdrenalineTests.TrueDamageBypassesPassiveAndActionResistance;ProjectHero.Logic.Tests.Task08DefenseCoverageTests.DamageEventContainsPerChannelAndMomentumBeforeAfterValues;ProjectHero.Logic.Tests.Task08MultiPartyCoverageTests.MixedSameTickBlockReportsPartialSuccessAndAccruesOnce;ProjectHero.Logic.Tests.Task08RemainingCoverageTests.SimultaneousLethalHitsAllowMutualDeath;ProjectHero.Logic.Tests.Task08RemainingCoverageTests.TargetDamageAndImpulseCommitOnceInStableOrder","主方案要求由具体组件断言、真实场景及代表性完整回放组合关联；不把自动化总数作为独立证据。"
"肾上腺素周期","Verified","跨其他单位窗口保留；伤害按单位/Tick、Clash 按单位/组、成功反应按计划各聚合一次并受 Available 上限约束；接受反应时预留、触发时消费；只在单位下一自身窗口打开时清零，不能重复奖励/预留或从取消中套利","36;50;52","ProjectHero.Authoring.Tests.Task05.Task05SimulationWiringTests.TerminalCleanupDoesNotRewindIdsOrSequences;ProjectHero.Authoring.Tests.Task05.Task05SimulationWiringTests.TerminalCleanupIsIdempotentAndFirstReasonWins;ProjectHero.Authoring.Tests.Task05.Task05StartGateAndTerminalTests.TerminalCleanupDoesNotRewindIdsOrSequences;ProjectHero.Logic.Tests.Task07BudgetTransactionTests.RepeatedEditableTerminalCleanupCannotReleaseReservationTwice;ProjectHero.Logic.Tests.Task07BudgetTransactionTests.RepeatedLockedTerminalCleanupCannotInvokeBudgetRollback;ProjectHero.Logic.Tests.Task07TurnWindowAndBudgetTests.AdrenalineDamageGainAggregatesOncePerUnitPerTick;ProjectHero.Logic.Tests.Task07TurnWindowAndBudgetTests.AdrenalinePersistsAcrossOtherUnitsWindowsAndOwnWindowClose;ProjectHero.Logic.Tests.Task07TurnWindowAndBudgetTests.AdrenalineSnapshotsAreOrderedAndCarryCycleAndReservations;ProjectHero.Logic.Tests.Task07TurnWindowAndBudgetTests.AvailableAdrenalineIsCappedWithoutChangingReservations;ProjectHero.Logic.Tests.Task07TurnWindowAndBudgetTests.OldCycleReservationSurvivesToTriggerButCannotRefundIntoNewCycle;ProjectHero.Logic.Tests.Task07TurnWindowAndBudgetTests.OwnersNextWindowOpenClearsAvailableAdrenalineBeforeCommands;ProjectHero.Logic.Tests.Task11FinalMatrixReplayTests.FinalCombatClassFileReplaysOneHundredTimesFromTickZero(""AoeDodge"");ProjectHero.Logic.Tests.Task11FinalMatrixReplayTests.FinalCombatClassFileReplaysOneHundredTimesFromTickZero(""AutoDeferral"");ProjectHero.Logic.Tests.Task11FinalMatrixReplayTests.FinalCombatClassFileReplaysOneHundredTimesFromTickZero(""Block"");ProjectHero.Logic.Tests.Task11FinalMatrixReplayTests.FinalCombatClassFileReplaysOneHundredTimesFromTickZero(""Clash3"");ProjectHero.Logic.Tests.Task11FinalMatrixReplayTests.FinalCombatClassFileReplaysOneHundredTimesFromTickZero(""DisplacementDeath"");ProjectHero.Logic.Tests.Task11FinalMatrixReplayTests.FinalCombatClassFileReplaysOneHundredTimesFromTickZero(""Dodge"");ProjectHero.Logic.Tests.Task11FinalMatrixReplayTests.FinalCombatClassFileReplaysOneHundredTimesFromTickZero(""DodgeChain"");ProjectHero.Logic.Tests.Task11FinalMatrixReplayTests.FinalCombatClassFileReplaysOneHundredTimesFromTickZero(""FacingAoe"");ProjectHero.Logic.Tests.Task11FinalMatrixReplayTests.FinalCombatClassFileReplaysOneHundredTimesFromTickZero(""Flank"");ProjectHero.Logic.Tests.Task11FinalMatrixReplayTests.FinalCombatClassFileReplaysOneHundredTimesFromTickZero(""FriendlyAoe"");ProjectHero.Logic.Tests.Task11FinalMatrixReplayTests.FinalCombatClassFileReplaysOneHundredTimesFromTickZero(""Guard"");ProjectHero.Logic.Tests.Task11FinalMatrixReplayTests.FinalCombatClassFileReplaysOneHundredTimesFromTickZero(""MixedDodge"");ProjectHero.Logic.Tests.Task11FinalMatrixReplayTests.FinalCombatClassFileReplaysOneHundredTimesFromTickZero(""PartialBlock"");ProjectHero.Logic.Tests.Task11FinalMatrixReplayTests.FinalCombatClassFileReplaysOneHundredTimesFromTickZero(""Reservation"");ProjectHero.Tests.PlayMode.Task09ShadowProfileTests.CommandAndAiShadowProfileHasNoUnclassifiedDifference;ProjectHero.Tests.PlayMode.Task10WiredPresentationTests.MainCanvasPlayerAttackFundsAiReactionAndFeedbackThroughProductionPorts","主方案要求由具体组件断言、真实场景及代表性完整回放组合关联；不把自动化总数作为独立证据。"
"跨窗口交互","Verified","过去窗口提交的动作可与当前及未来窗口动作发生全部既定交互","1;3;6;7;8;9;10","ProjectHero.Authoring.Tests.Task04.Task04LifecycleTests.SimultaneousFactionEliminationProducesConfiguredDraw;ProjectHero.Logic.Tests.Task07BudgetTransactionTests.PlanFromWindowAStartsAndEndsDuringLaterWindows;ProjectHero.Logic.Tests.Task07BudgetTransactionTests.WindowSwitchDoesNotMutatePlanLaneIntentOrReservation;ProjectHero.Logic.Tests.Task08DefenseCoverageTests.BlockingStateOutsideTriggerTickProvidesNoResistance;ProjectHero.Logic.Tests.Task08DefenseCoverageTests.DodgeCommitEmitsOneTriggerEvenWithoutSuccessfulAvoidance;ProjectHero.Logic.Tests.Task08DefenseCoverageTests.DodgedAoeTargetDoesNotProtectOtherTargets;ProjectHero.Logic.Tests.Task08DefenseCoverageTests.DodgeWithoutContactsEmitsOneResolutionWithNullGroup;ProjectHero.Logic.Tests.Task08DefenseCoverageTests.FailedDodgeCommitEmitsResolutionButNoTriggerOrReward;ProjectHero.Logic.Tests.Task08DefenseCoverageTests.FullyUnblockableContactIsIneffectiveHitAndDoesNotRewardBlock;ProjectHero.Logic.Tests.Task08DefenseCoverageTests.PartiallyBlockedContactKeepsBypassComponents;ProjectHero.Logic.Tests.Task08MomentumClashTests.ClashResidualMomentumIsDistributedWithoutLossOrDuplication;ProjectHero.Logic.Tests.Task08MomentumClashTests.ThreeWayAttackResultIsIndependentOfAllIntentPermutations;ProjectHero.Logic.Tests.Task08MomentumClashTests.ThreeWayClashUsesAllOriginalMomentaSimultaneously;ProjectHero.Logic.Tests.Task08MultiPartyCoverageTests.OppositeFlankingContactsKeepPerAttackEventsAndZeroResultant;ProjectHero.Logic.Tests.Task08MultiPartyCoverageTests.ThreeWayClashTerminatesThreeRealScheduledAttacks;ProjectHero.Logic.Tests.Task08RemainingCoverageTests.BlockHandlesAllSameTickEligibleContactsIndependentOfOrder;ProjectHero.Logic.Tests.Task08RemainingCoverageTests.DodgeContactSetsEventsAndRewardsArePermutationInvariant;ProjectHero.Logic.Tests.Task08RemainingCoverageTests.SimultaneousLethalHitsAllowMutualDeath;ProjectHero.Logic.Tests.Task08RemainingCoverageTests.TargetDamageAndImpulseCommitOnceInStableOrder;ProjectHero.Logic.Tests.Task08RemainingCoverageTests.UndodgeableRetainsPreDodgeContactOutsideNewArea;ProjectHero.Logic.Tests.Task11FinalMatrixReplayTests.FinalCombatClassFileReplaysOneHundredTimesFromTickZero(""AoeDodge"");ProjectHero.Logic.Tests.Task11FinalMatrixReplayTests.FinalCombatClassFileReplaysOneHundredTimesFromTickZero(""AutoDeferral"");ProjectHero.Logic.Tests.Task11FinalMatrixReplayTests.FinalCombatClassFileReplaysOneHundredTimesFromTickZero(""Block"");ProjectHero.Logic.Tests.Task11FinalMatrixReplayTests.FinalCombatClassFileReplaysOneHundredTimesFromTickZero(""Clash3"");ProjectHero.Logic.Tests.Task11FinalMatrixReplayTests.FinalCombatClassFileReplaysOneHundredTimesFromTickZero(""DisplacementDeath"");ProjectHero.Logic.Tests.Task11FinalMatrixReplayTests.FinalCombatClassFileReplaysOneHundredTimesFromTickZero(""Dodge"");ProjectHero.Logic.Tests.Task11FinalMatrixReplayTests.FinalCombatClassFileReplaysOneHundredTimesFromTickZero(""DodgeChain"");ProjectHero.Logic.Tests.Task11FinalMatrixReplayTests.FinalCombatClassFileReplaysOneHundredTimesFromTickZero(""FacingAoe"");ProjectHero.Logic.Tests.Task11FinalMatrixReplayTests.FinalCombatClassFileReplaysOneHundredTimesFromTickZero(""Flank"");ProjectHero.Logic.Tests.Task11FinalMatrixReplayTests.FinalCombatClassFileReplaysOneHundredTimesFromTickZero(""FriendlyAoe"");ProjectHero.Logic.Tests.Task11FinalMatrixReplayTests.FinalCombatClassFileReplaysOneHundredTimesFromTickZero(""Guard"");ProjectHero.Logic.Tests.Task11FinalMatrixReplayTests.FinalCombatClassFileReplaysOneHundredTimesFromTickZero(""MixedDodge"");ProjectHero.Logic.Tests.Task11FinalMatrixReplayTests.FinalCombatClassFileReplaysOneHundredTimesFromTickZero(""PartialBlock"");ProjectHero.Logic.Tests.Task11FinalMatrixReplayTests.FinalCombatClassFileReplaysOneHundredTimesFromTickZero(""Reservation"")","主方案要求由具体组件断言、真实场景及代表性完整回放组合关联；不把自动化总数作为独立证据。"
"计划终态闭合性","Verified","任意终态来源都经统一协调器；Step 结束时没有活动 Lane/索引/Intent/MovementSegment/Reservation/资源预留指向终态计划；Editable 释放未消费预算预留，Locked 后不退款；清理幂等、不回卷、不隐式左移","33;34;35;36;58","ProjectHero.Authoring.Tests.Task05.Task05ActionPlanAndLaneTests.StepEndHasNoActiveArtifactReferencingTerminalPlan;ProjectHero.Authoring.Tests.Task05.Task05SimulationWiringTests.StepEndHasNoActiveArtifactReferencingTerminalPlan;ProjectHero.Authoring.Tests.Task05.Task05SimulationWiringTests.TerminalCleanupDoesNotRewindIdsOrSequences;ProjectHero.Authoring.Tests.Task05.Task05SimulationWiringTests.TerminalCleanupIsIdempotentAndFirstReasonWins;ProjectHero.Authoring.Tests.Task05.Task05StartGateAndTerminalTests.AllTerminalTransitionsUseSingleLifecycleEntry;ProjectHero.Authoring.Tests.Task05.Task05StartGateAndTerminalTests.TerminalCleanupDoesNotRewindIdsOrSequences;ProjectHero.Authoring.Tests.Task05.Task05StartGateAndTerminalTests.TerminalPlanLeavesEverySchedulableCollection;ProjectHero.Logic.Tests.Task06AssemblyIntegrationTests.PlanTerminalBeforeMovementEndKeepsLastCommittedCell;ProjectHero.Logic.Tests.Task06LogicGridTests.TerminalPlanNeverCommitsDestinationAtFormerEndTick;ProjectHero.Logic.Tests.Task07BudgetTransactionTests.EditablePlanReservesBudgetWithoutSpendingIt;ProjectHero.Logic.Tests.Task07BudgetTransactionTests.LockedOrRunningTerminalDoesNotRefundSpentBudget;ProjectHero.Logic.Tests.Task07BudgetTransactionTests.RepeatedEditableTerminalCleanupCannotReleaseReservationTwice;ProjectHero.Logic.Tests.Task07BudgetTransactionTests.RepeatedLockedTerminalCleanupCannotInvokeBudgetRollback;ProjectHero.Logic.Tests.Task07BudgetTransactionTests.StartableCommitConvertsReservedBudgetToSpentExactlyOnce;ProjectHero.Logic.Tests.Task07BudgetTransactionTests.SystemAutoDeferralAdjustsBudgetWithScheduleAndReservationAtomically;ProjectHero.Logic.Tests.Task07TurnWindowAndBudgetTests.EditablePlanReservesBudgetWithoutSpendingIt;ProjectHero.Logic.Tests.Task07TurnWindowAndBudgetTests.OldCycleReservationSurvivesToTriggerButCannotRefundIntoNewCycle;ProjectHero.Logic.Tests.Task07TurnWindowAndBudgetTests.ReleasingClosedWindowReservationDoesNotReopenSubmissions;ProjectHero.Logic.Tests.Task08CommitCoverageTests.AttackUsesMovementSegmentInsteadOfVisualPosition;ProjectHero.Logic.Tests.Task08CommitCoverageTests.LethalHitTerminatesVictimsEditableLockedAndRunningPlans;ProjectHero.Logic.Tests.Task08ConflictGraphTests.TerminalResolutionDoesNotRetroactivelyRemoveFrozenCurrentTickIntent;ProjectHero.Logic.Tests.Task08RemainingCoverageTests.ClashTerminationRemovesUnfrozenAndFutureIntents","主方案要求由具体组件断言、真实场景及代表性完整回放组合关联；不把自动化总数作为独立证据。"
"战斗终态","Verified","结束 Tick 按 ActionPlanId 复用统一协调器；活动计划/Lane/Intent/MovementSegment/空间与肾上腺素 Reservation/ReactionOpportunity 清空，计划历史保留并记录 `BattleEnded` 原因","16;19;20;21","ProjectHero.Authoring.Tests.Task03.SimulationLifecycleTests.AlreadyEndedStepDoesNotAdvanceTickRngIdsOrSequences;ProjectHero.Authoring.Tests.Task03.SimulationLifecycleTests.AlreadyEndedStepReturnsEmptyEventsAndSameFinalSnapshot;ProjectHero.Authoring.Tests.Task05.Task05SimulationWiringTests.BattleEndedPlansRemainInHistoryButLeaveActiveIndexes;ProjectHero.Authoring.Tests.Task05.Task05SimulationWiringTests.BattleEndTerminatesPlansInActionPlanIdOrderAndLocksAllLanes;ProjectHero.Logic.Tests.Task07TurnWindowAndBudgetTests.BattleEndClearsReservationsAcrossOpenAndClosedWindows;ProjectHero.Logic.Tests.Task09CommandIngressTests.BattleEndFinalizerClearsFutureRequestBuckets;ProjectHero.Logic.Tests.Task09CommandIngressTests.CommandAfterBattleEndIsRejectedBeforeTickBucketAndReplayLog;ProjectHero.Logic.Tests.Task09CommandIngressTests.FrozenRequestsAreRejectedWhenBattleEndsBeforeCommandPhase;ProjectHero.Logic.Tests.Task11FinalMatrixReplayTests.FinalCombatClassFileReplaysOneHundredTimesFromTickZero(""AoeDodge"");ProjectHero.Logic.Tests.Task11FinalMatrixReplayTests.FinalCombatClassFileReplaysOneHundredTimesFromTickZero(""AutoDeferral"");ProjectHero.Logic.Tests.Task11FinalMatrixReplayTests.FinalCombatClassFileReplaysOneHundredTimesFromTickZero(""Block"");ProjectHero.Logic.Tests.Task11FinalMatrixReplayTests.FinalCombatClassFileReplaysOneHundredTimesFromTickZero(""Clash3"");ProjectHero.Logic.Tests.Task11FinalMatrixReplayTests.FinalCombatClassFileReplaysOneHundredTimesFromTickZero(""DisplacementDeath"");ProjectHero.Logic.Tests.Task11FinalMatrixReplayTests.FinalCombatClassFileReplaysOneHundredTimesFromTickZero(""Dodge"");ProjectHero.Logic.Tests.Task11FinalMatrixReplayTests.FinalCombatClassFileReplaysOneHundredTimesFromTickZero(""DodgeChain"");ProjectHero.Logic.Tests.Task11FinalMatrixReplayTests.FinalCombatClassFileReplaysOneHundredTimesFromTickZero(""FacingAoe"");ProjectHero.Logic.Tests.Task11FinalMatrixReplayTests.FinalCombatClassFileReplaysOneHundredTimesFromTickZero(""Flank"");ProjectHero.Logic.Tests.Task11FinalMatrixReplayTests.FinalCombatClassFileReplaysOneHundredTimesFromTickZero(""FriendlyAoe"");ProjectHero.Logic.Tests.Task11FinalMatrixReplayTests.FinalCombatClassFileReplaysOneHundredTimesFromTickZero(""Guard"");ProjectHero.Logic.Tests.Task11FinalMatrixReplayTests.FinalCombatClassFileReplaysOneHundredTimesFromTickZero(""MixedDodge"");ProjectHero.Logic.Tests.Task11FinalMatrixReplayTests.FinalCombatClassFileReplaysOneHundredTimesFromTickZero(""PartialBlock"");ProjectHero.Logic.Tests.Task11FinalMatrixReplayTests.FinalCombatClassFileReplaysOneHundredTimesFromTickZero(""Reservation"");ProjectHero.Tests.PlayMode.Task10WiredPresentationTests.MainSceneNewCompletesThreeColdBattlesWithPlayerCommandsAndOneEndFeedback","主方案要求由具体组件断言、真实场景及代表性完整回放组合关联；不把自动化总数作为独立证据。"
"结束幂等性","Verified","结束后误调 Step 返回 `AlreadyEnded` 与同一最终快照，不推进任何逻辑计数器或重复事件","19;20","ProjectHero.Authoring.Tests.Task03.SimulationLifecycleTests.AlreadyEndedStepDoesNotAdvanceTickRngIdsOrSequences;ProjectHero.Authoring.Tests.Task03.SimulationLifecycleTests.AlreadyEndedStepReturnsEmptyEventsAndSameFinalSnapshot;ProjectHero.Logic.Tests.Task09CommandIngressTests.CommandAfterBattleEndIsRejectedBeforeTickBucketAndReplayLog;ProjectHero.Logic.Tests.Task11FinalMatrixReplayTests.FinalCombatClassFileReplaysOneHundredTimesFromTickZero(""AoeDodge"");ProjectHero.Logic.Tests.Task11FinalMatrixReplayTests.FinalCombatClassFileReplaysOneHundredTimesFromTickZero(""AutoDeferral"");ProjectHero.Logic.Tests.Task11FinalMatrixReplayTests.FinalCombatClassFileReplaysOneHundredTimesFromTickZero(""Block"");ProjectHero.Logic.Tests.Task11FinalMatrixReplayTests.FinalCombatClassFileReplaysOneHundredTimesFromTickZero(""Clash3"");ProjectHero.Logic.Tests.Task11FinalMatrixReplayTests.FinalCombatClassFileReplaysOneHundredTimesFromTickZero(""DisplacementDeath"");ProjectHero.Logic.Tests.Task11FinalMatrixReplayTests.FinalCombatClassFileReplaysOneHundredTimesFromTickZero(""Dodge"");ProjectHero.Logic.Tests.Task11FinalMatrixReplayTests.FinalCombatClassFileReplaysOneHundredTimesFromTickZero(""DodgeChain"");ProjectHero.Logic.Tests.Task11FinalMatrixReplayTests.FinalCombatClassFileReplaysOneHundredTimesFromTickZero(""FacingAoe"");ProjectHero.Logic.Tests.Task11FinalMatrixReplayTests.FinalCombatClassFileReplaysOneHundredTimesFromTickZero(""Flank"");ProjectHero.Logic.Tests.Task11FinalMatrixReplayTests.FinalCombatClassFileReplaysOneHundredTimesFromTickZero(""FriendlyAoe"");ProjectHero.Logic.Tests.Task11FinalMatrixReplayTests.FinalCombatClassFileReplaysOneHundredTimesFromTickZero(""Guard"");ProjectHero.Logic.Tests.Task11FinalMatrixReplayTests.FinalCombatClassFileReplaysOneHundredTimesFromTickZero(""MixedDodge"");ProjectHero.Logic.Tests.Task11FinalMatrixReplayTests.FinalCombatClassFileReplaysOneHundredTimesFromTickZero(""PartialBlock"");ProjectHero.Logic.Tests.Task11FinalMatrixReplayTests.FinalCombatClassFileReplaysOneHundredTimesFromTickZero(""Reservation"");ProjectHero.Tests.PlayMode.Task10WiredPresentationTests.MainSceneNewCompletesThreeColdBattlesWithPlayerCommandsAndOneEndFeedback","主方案要求由具体组件断言、真实场景及代表性完整回放组合关联；不把自动化总数作为独立证据。"
"状态机","Verified","转换矩阵、自动到期、打断和 Dead 终态测试通过","methods:StateTransitionMatrixAcceptsOnlyDeclaredTransitions;AutomaticAndExplicitTransitionsEmitEquivalentEvents;DeadIsTerminal;TimedTransitionUsesHalfOpenInterval","ProjectHero.Logic.Tests.UnitStateMachineTests.AutomaticAndExplicitTransitionsEmitEquivalentEvents;ProjectHero.Logic.Tests.UnitStateMachineTests.DeadIsTerminal;ProjectHero.Logic.Tests.UnitStateMachineTests.StateTransitionMatrixAcceptsOnlyDeclaredTransitions;ProjectHero.Logic.Tests.UnitStateMachineTests.TimedTransitionUsesHalfOpenInterval","主方案要求由具体组件断言、真实场景及代表性完整回放组合关联；不把自动化总数作为独立证据。"
"多方仲裁","Verified","Q10 有向动量、冲突图和取消范围符合规则；Intent/边/目标任意排列得到相同接触、终态、聚合、事件与哈希","5;6;7;51","ProjectHero.Logic.Tests.Task08MomentumClashTests.ClashResidualMomentumIsDistributedWithoutLossOrDuplication;ProjectHero.Logic.Tests.Task08MomentumClashTests.LegacyHeadOnPairKeepsScalarSubtractionAndTerminatesBothPlans;ProjectHero.Logic.Tests.Task08MomentumClashTests.ThreeWayAttackResultIsIndependentOfAllIntentPermutations;ProjectHero.Logic.Tests.Task08MomentumClashTests.ThreeWayClashUsesAllOriginalMomentaSimultaneously;ProjectHero.Logic.Tests.Task08MultiPartyCoverageTests.OppositeFlankingContactsKeepPerAttackEventsAndZeroResultant;ProjectHero.Logic.Tests.Task08MultiPartyCoverageTests.ThreeWayClashTerminatesThreeRealScheduledAttacks;ProjectHero.Logic.Tests.Task08RemainingCoverageTests.BlockHandlesAllSameTickEligibleContactsIndependentOfOrder;ProjectHero.Logic.Tests.Task08RemainingCoverageTests.DodgeContactSetsEventsAndRewardsArePermutationInvariant;ProjectHero.Logic.Tests.Task11FinalMatrixReplayTests.FinalCombatClassFileReplaysOneHundredTimesFromTickZero(""AoeDodge"");ProjectHero.Logic.Tests.Task11FinalMatrixReplayTests.FinalCombatClassFileReplaysOneHundredTimesFromTickZero(""AutoDeferral"");ProjectHero.Logic.Tests.Task11FinalMatrixReplayTests.FinalCombatClassFileReplaysOneHundredTimesFromTickZero(""Block"");ProjectHero.Logic.Tests.Task11FinalMatrixReplayTests.FinalCombatClassFileReplaysOneHundredTimesFromTickZero(""Clash3"");ProjectHero.Logic.Tests.Task11FinalMatrixReplayTests.FinalCombatClassFileReplaysOneHundredTimesFromTickZero(""DisplacementDeath"");ProjectHero.Logic.Tests.Task11FinalMatrixReplayTests.FinalCombatClassFileReplaysOneHundredTimesFromTickZero(""Dodge"");ProjectHero.Logic.Tests.Task11FinalMatrixReplayTests.FinalCombatClassFileReplaysOneHundredTimesFromTickZero(""DodgeChain"");ProjectHero.Logic.Tests.Task11FinalMatrixReplayTests.FinalCombatClassFileReplaysOneHundredTimesFromTickZero(""FacingAoe"");ProjectHero.Logic.Tests.Task11FinalMatrixReplayTests.FinalCombatClassFileReplaysOneHundredTimesFromTickZero(""Flank"");ProjectHero.Logic.Tests.Task11FinalMatrixReplayTests.FinalCombatClassFileReplaysOneHundredTimesFromTickZero(""FriendlyAoe"");ProjectHero.Logic.Tests.Task11FinalMatrixReplayTests.FinalCombatClassFileReplaysOneHundredTimesFromTickZero(""Guard"");ProjectHero.Logic.Tests.Task11FinalMatrixReplayTests.FinalCombatClassFileReplaysOneHundredTimesFromTickZero(""MixedDodge"");ProjectHero.Logic.Tests.Task11FinalMatrixReplayTests.FinalCombatClassFileReplaysOneHundredTimesFromTickZero(""PartialBlock"");ProjectHero.Logic.Tests.Task11FinalMatrixReplayTests.FinalCombatClassFileReplaysOneHundredTimesFromTickZero(""Reservation"")","主方案要求由具体组件断言、真实场景及代表性完整回放组合关联；不把自动化总数作为独立证据。"
"同时强制位移","Verified","全 Tick 请求在临时空间逐格同时求解；边界/障碍停在最后合法格，同落点/交换/循环全失败，通向空格的独立依赖链可移动，不连锁推人；Reservation 被稳定抢占并完整清理；最终位置仅经一次原子批量提交，排列与 100 次重演结果一致","10A;10B;10C;10D;10E;13","ProjectHero.Authoring.Tests.Task05.Task05StartGateAndTerminalTests.ForcedDisplacementTerminationDoesNotPullLaterPlansForward;ProjectHero.Logic.Tests.Task06LogicGridTests.BatchRelocationDoesNotUsePathfinderSegmentsOrReservationArbitration;ProjectHero.Logic.Tests.Task07ForcedDisplacementBudgetTests.ForcedDisplacementDoesNotRefundSpentMoveBudget;ProjectHero.Logic.Tests.Task07ForcedDisplacementBudgetTests.ForcedDisplacementReleasesOnlyUnconsumedEditableReservation;ProjectHero.Logic.Tests.Task08CommitCoverageTests.ForcedDisplacementBatchCommitsBeforeEventsStateControlAndDeath;ProjectHero.Logic.Tests.Task08CommitCoverageTests.LethalTargetIsDisplacedBeforeDeathRemovesFinalFootprint;ProjectHero.Logic.Tests.Task08ForcedDisplacementBatchTests.OnlyFinalFootprintReservationConflictsArePreempted;ProjectHero.Logic.Tests.Task08ForcedDisplacementBatchTests.ReservationPreemptionTerminatesPlansInActionPlanIdOrder;ProjectHero.Logic.Tests.Task08ForcedDisplacementSolverTests.CompletedShorterDisplacementBecomesStationaryBlockerForLaterRounds;ProjectHero.Logic.Tests.Task08ForcedDisplacementSolverTests.DependencyChainEndingInEmptyCellMovesSimultaneously;ProjectHero.Logic.Tests.Task08ForcedDisplacementSolverTests.ForcedDisplacementDoesNotImplicitlyPushUnitWithoutOwnRequest;ProjectHero.Logic.Tests.Task08ForcedDisplacementSolverTests.ForcedDisplacementInputAndResolutionPermutationsProduceIdenticalResults;ProjectHero.Logic.Tests.Task08ForcedDisplacementSolverTests.ForcedDisplacementKeepsSuccessfulPrefixWhenLaterStepFails;ProjectHero.Logic.Tests.Task08ForcedDisplacementSolverTests.ForcedDisplacementStopsAtBoundaryOnFirstOrLaterStep;ProjectHero.Logic.Tests.Task08ForcedDisplacementSolverTests.ForcedDisplacementStopsAtStaticObstacleOnFirstOrLaterStep;ProjectHero.Logic.Tests.Task08ForcedDisplacementSolverTests.MultiCellUnitCannotMoveWhenAnyFootprintPointIsIllegal;ProjectHero.Logic.Tests.Task08ForcedDisplacementSolverTests.SameAnchorContentionFailsAllProposalsWithoutWinner;ProjectHero.Logic.Tests.Task08ForcedDisplacementSolverTests.StationaryUnitHardBlocksForcedDisplacement;ProjectHero.Logic.Tests.Task08ForcedDisplacementSolverTests.ThreeUnitPositionCycleStopsAllParticipants;ProjectHero.Logic.Tests.Task08ForcedDisplacementSolverTests.TwoUnitSwapStopsBothAsDependencyCycle;ProjectHero.Logic.Tests.Task11FinalMatrixReplayTests.FinalCombatClassFileReplaysOneHundredTimesFromTickZero(""AoeDodge"");ProjectHero.Logic.Tests.Task11FinalMatrixReplayTests.FinalCombatClassFileReplaysOneHundredTimesFromTickZero(""AutoDeferral"");ProjectHero.Logic.Tests.Task11FinalMatrixReplayTests.FinalCombatClassFileReplaysOneHundredTimesFromTickZero(""Block"");ProjectHero.Logic.Tests.Task11FinalMatrixReplayTests.FinalCombatClassFileReplaysOneHundredTimesFromTickZero(""Clash3"");ProjectHero.Logic.Tests.Task11FinalMatrixReplayTests.FinalCombatClassFileReplaysOneHundredTimesFromTickZero(""DisplacementDeath"");ProjectHero.Logic.Tests.Task11FinalMatrixReplayTests.FinalCombatClassFileReplaysOneHundredTimesFromTickZero(""Dodge"");ProjectHero.Logic.Tests.Task11FinalMatrixReplayTests.FinalCombatClassFileReplaysOneHundredTimesFromTickZero(""DodgeChain"");ProjectHero.Logic.Tests.Task11FinalMatrixReplayTests.FinalCombatClassFileReplaysOneHundredTimesFromTickZero(""FacingAoe"");ProjectHero.Logic.Tests.Task11FinalMatrixReplayTests.FinalCombatClassFileReplaysOneHundredTimesFromTickZero(""Flank"");ProjectHero.Logic.Tests.Task11FinalMatrixReplayTests.FinalCombatClassFileReplaysOneHundredTimesFromTickZero(""FriendlyAoe"");ProjectHero.Logic.Tests.Task11FinalMatrixReplayTests.FinalCombatClassFileReplaysOneHundredTimesFromTickZero(""Guard"");ProjectHero.Logic.Tests.Task11FinalMatrixReplayTests.FinalCombatClassFileReplaysOneHundredTimesFromTickZero(""MixedDodge"");ProjectHero.Logic.Tests.Task11FinalMatrixReplayTests.FinalCombatClassFileReplaysOneHundredTimesFromTickZero(""PartialBlock"");ProjectHero.Logic.Tests.Task11FinalMatrixReplayTests.FinalCombatClassFileReplaysOneHundredTimesFromTickZero(""Reservation"");ProjectHero.Logic.Tests.Task11ReplayTests.ReplayRepeatsOneHundredTimesWithFullEventPayloadAndHashes","主方案要求由具体组件断言、真实场景及代表性完整回放组合关联；不把自动化总数作为独立证据。"
"时钟隔离","Verified","相同命令下改变 `Time.timeScale` 不改变逻辑快照","14","ProjectHero.Authoring.Tests.Task10DriverTests.DriverRetainsCatchUpDebtInsteadOfDroppingTicks;ProjectHero.Authoring.Tests.Task10DriverTests.SemanticEventsMapToFeedbackWithoutLogicWriteback;ProjectHero.Tests.PlayMode.RuntimeOwnershipTests.VisualTimeScaleIsolationDoesNotLeakIntoNewSimulation","主方案要求由具体组件断言、真实场景及代表性完整回放组合关联；不把自动化总数作为独立证据。"
"表现兼容","Verified","伤害数字、震屏、移动插值、UI 不丢失","14;15;59;60;D4","ProjectHero.Authoring.Tests.Task10DriverTests.DriverRetainsCatchUpDebtInsteadOfDroppingTicks;ProjectHero.Authoring.Tests.Task10DriverTests.SemanticEventsMapToFeedbackWithoutLogicWriteback;ProjectHero.Authoring.Tests.Task10PresentationModelTests.DodgeConfirmationShowsLogicProvidedConditionalMoveCancellationAndBudgetByWindow;ProjectHero.Authoring.Tests.Task10PresentationModelTests.TimelineCannotEditReactionLockedRunningOrTerminalPlans;ProjectHero.Logic.Tests.Task07ForcedDisplacementBudgetTests.DodgeMoveInvalidationDoesNotReopenClosedWindowOrTransferBudget;ProjectHero.Logic.Tests.Task08CommitCoverageTests.DodgeStillHitByAreaAttackInvalidatesOldOriginMovesWithoutSuccessReward;ProjectHero.Logic.Tests.Task09ReplayInputTests.ConfirmedScheduleEditRecordsOnlyFinalOperations;ProjectHero.Logic.Tests.Task09ReplayInputTests.UncommittedDragTrajectoryIsAbsentFromReplayInput;ProjectHero.Tests.PlayMode.RuntimeOwnershipTests.VisualTimeScaleIsolationDoesNotLeakIntoNewSimulation;ProjectHero.Tests.PlayMode.Task10WiredPresentationTests.MainCanvasDodgeCancelsFutureMoveChainAndReleasesClosedOriginalWindow;ProjectHero.Tests.PlayMode.Task10WiredPresentationTests.MainCanvasPlayerAttackFundsAiReactionAndFeedbackThroughProductionPorts;ProjectHero.Tests.PlayMode.Task10WiredPresentationTests.MainSceneBlockButtonUsesRealThreatAndDamageEarnedAdrenaline;ProjectHero.Tests.PlayMode.Task10WiredPresentationTests.MainSceneDodgeSelectionIsLocalUntilConfirmAndUsesRealThreat;ProjectHero.Tests.PlayMode.Task10WiredPresentationTests.MainSceneNewCompletesThreeColdBattlesWithPlayerCommandsAndOneEndFeedback;ProjectHero.Tests.PlayMode.Task10WiredPresentationTests.MainSceneTimelineDragDeleteAndRevisionRebaseUseRealPlayerPort","主方案要求由具体组件断言、真实场景及代表性完整回放组合关联；不把自动化总数作为独立证据。"
"性能","DeferredPerformance","不新增高频 `FindObjectsByType` / `GetComponent` 热路径","22","ProjectHero.Logic.Tests.Task08ForcedDisplacementSolverTests.SolverRecordsPerformanceStatisticsWithoutAffectingResults","原生分配继续优化按用户决定暂缓；正式交互/冲突图/强制位移压力与 GC 频率/停顿仍未闭合。现有静态审计、统计接口与历史 IL2CPP 数据不能代替该门槛。"
"性能基准","DeferredPerformance","按 3.11.2 在固定设备/规模下比较第 1/10/30 分钟的 P50/P95/P99、分配/GC、历史和总内存；预先冻结阈值，无新增历史时旧记录访问数为 0","22","ProjectHero.Logic.Tests.Task08ForcedDisplacementSolverTests.SolverRecordsPerformanceStatisticsWithoutAffectingResults","原生分配继续优化按用户决定暂缓；正式交互/冲突图/强制位移压力与 GC 频率/停顿仍未闭合。现有静态审计、统计接口与历史 IL2CPP 数据不能代替该门槛。"
