"CaseId","SceneCaseId","RulesVersion","DefinitionHash","LegacyObjectPath","Field","Category","PassedCases"
"task11-final-classification","03B-shadow-equivalent-empty-ticks","battle-def-v2-turn180","ed4c3e21b1488e60","CombatSampleScene/Player#CombatUnit.CurrentAdrenaline","availableAdrenaline","ReplacedRepresentation","ProjectHero.Logic.Tests.Task07TurnWindowAndBudgetTests.AdrenalinePersistsAcrossOtherUnitsWindowsAndOwnWindowClose;ProjectHero.Logic.Tests.Task07TurnWindowAndBudgetTests.OwnersNextWindowOpenClearsAvailableAdrenalineBeforeCommands"
"task11-final-classification","03B-shadow-equivalent-empty-ticks","battle-def-v2-turn180","ed4c3e21b1488e60","CombatSampleScene/Player#CombatUnit.CurrentStamina","staminaQ10","RemovedResource","ProjectHero.Tests.PlayMode.Task11ShadowClassificationTests.EveryFullShadowRegistrationHasExactClassificationAndExecutableEvidence"
"task11-final-classification","03B-shadow-equivalent-empty-ticks","battle-def-v2-turn180","ed4c3e21b1488e60","CombatSampleScene/Manager#BattleManager._battleEnded","battleEnd.isEnded","ReplacedRepresentation","ProjectHero.Tests.PlayMode.RuntimeOwnershipTests.ShadowStateFieldsAreReadLiveFromLegacySceneAndCanFail;ProjectHero.Tests.PlayMode.RuntimeOwnershipTests.StateDeathAndVictoryShadowProfileHasNoUnclassifiedDifference"
"task11-final-classification","03B-shadow-equivalent-empty-ticks","battle-def-v2-turn180","ed4c3e21b1488e60","CombatSampleScene/Player#CombatUnit.IsStaggered / IsKnockedDown / InWindup / InRecovery / IsMoving / CurrentHealth","units[i].state","ReplacedRepresentation","ProjectHero.Tests.PlayMode.RuntimeOwnershipTests.ShadowStateFieldsAreReadLiveFromLegacySceneAndCanFail;ProjectHero.Tests.PlayMode.RuntimeOwnershipTests.StateDeathAndVictoryShadowProfileHasNoUnclassifiedDifference"
"task11-final-classification","03B-shadow-equivalent-empty-ticks","battle-def-v2-turn180","ed4c3e21b1488e60","CombatSampleScene/Manager#BattleManager.EndMessage","battleEnd.resultCode","ReplacedRepresentation","ProjectHero.Tests.PlayMode.RuntimeOwnershipTests.ShadowStateFieldsAreReadLiveFromLegacySceneAndCanFail;ProjectHero.Tests.PlayMode.RuntimeOwnershipTests.StateDeathAndVictoryShadowProfileHasNoUnclassifiedDifference"
"task11-final-classification","03B-shadow-equivalent-empty-ticks","battle-def-v2-turn180","ed4c3e21b1488e60","CombatSampleScene/CombatDemo#BattleTimeline._events","effects.count","ReplacedRepresentation","ProjectHero.Logic.Tests.StatusEffectKernelTests.EffectIdsAreUniqueAndMonotonicAcrossUnitsAndSpecs;ProjectHero.Logic.Tests.StatusEffectKernelTests.InsertionOrderDoesNotChangeOutcomeOrEventSequence"
"task11-final-classification","03B-shadow-equivalent-empty-ticks","battle-def-v2-turn180","ed4c3e21b1488e60","CombatSampleScene/CombatDemo#BattleTimeline._events","plans.count","ReplacedRepresentation","ProjectHero.Authoring.Tests.Task05.Task05StartGateAndTerminalTests.TerminalPlanLeavesEverySchedulableCollection;ProjectHero.Tests.PlayMode.RuntimeOwnershipTests.ActionPlanAndLaneShadowProfileHasNoUnclassifiedDifference"
"task11-final-classification","03B-shadow-equivalent-empty-ticks","battle-def-v2-turn180","ed4c3e21b1488e60","CombatSampleScene/CombatDemo#BattleTimeline._timeAccumulator","rng.state","NewRule","ProjectHero.Authoring.Tests.Task03.ReplayContractTests.TickZeroReplayFromRecordedPlayerFactsReproducesIdenticalHashes;ProjectHero.Tests.PlayMode.Task09ShadowProfileTests.CommandAndAiShadowProfileHasNoUnclassifiedDifference"
"task11-final-classification","03B-shadow-equivalent-empty-ticks","battle-def-v2-turn180","ed4c3e21b1488e60","CombatSampleScene/CombatDemo#BattleTimeline._events","intents.count","ReplacedRepresentation","ProjectHero.Authoring.Tests.Task05.Task05SimulationWiringTests.ImpactTickTransitionsToRecoveryAndStillEmitsIntent;ProjectHero.Tests.PlayMode.Task09ShadowProfileTests.CommandAndAiShadowProfileHasNoUnclassifiedDifference"
"task11-final-classification","03B-shadow-equivalent-empty-ticks","battle-def-v2-turn180","ed4c3e21b1488e60","CombatSampleScene/CombatDemo#BattleTimeline._events","scheduledEventCount","ReplacedRepresentation","ProjectHero.Authoring.Tests.Task05.Task05StartGateAndTerminalTests.TerminalPlanLeavesEverySchedulableCollection;ProjectHero.Tests.PlayMode.RuntimeOwnershipTests.ActionPlanAndLaneShadowProfileHasNoUnclassifiedDifference"
"task11-final-classification","03B-shadow-equivalent-empty-ticks","battle-def-v2-turn180","ed4c3e21b1488e60","CombatSampleScene/CombatDemo#BattleTimeline._events","plans[i].state","NewRule","ProjectHero.Tests.PlayMode.RuntimeOwnershipTests.ActionPlanAndLaneShadowProfileHasNoUnclassifiedDifference;ProjectHero.Tests.PlayMode.Task09ShadowProfileTests.CommandAndAiShadowProfileHasNoUnclassifiedDifference"
"task11-final-classification","03B-shadow-equivalent-empty-ticks","battle-def-v2-turn180","ed4c3e21b1488e60","CombatSampleScene/CombatDemo#BattleTimeline._events","plans[i].startTick","NewRule","ProjectHero.Tests.PlayMode.RuntimeOwnershipTests.ActionPlanAndLaneShadowProfileHasNoUnclassifiedDifference;ProjectHero.Tests.PlayMode.Task09ShadowProfileTests.CommandAndAiShadowProfileHasNoUnclassifiedDifference"
"task11-final-classification","03B-shadow-equivalent-empty-ticks","battle-def-v2-turn180","ed4c3e21b1488e60","CombatSampleScene/CombatDemo#BattleTimeline._events","plans[i].lockedAtTick","NewRule","ProjectHero.Tests.PlayMode.RuntimeOwnershipTests.ActionPlanAndLaneShadowProfileHasNoUnclassifiedDifference;ProjectHero.Tests.PlayMode.Task09ShadowProfileTests.CommandAndAiShadowProfileHasNoUnclassifiedDifference"
"task11-final-classification","03B-shadow-equivalent-empty-ticks","battle-def-v2-turn180","ed4c3e21b1488e60","CombatSampleScene/CombatDemo#BattleTimeline._events","plans[i].automaticDeferralCount","NewRule","ProjectHero.Tests.PlayMode.RuntimeOwnershipTests.ActionPlanAndLaneShadowProfileHasNoUnclassifiedDifference;ProjectHero.Tests.PlayMode.Task09ShadowProfileTests.CommandAndAiShadowProfileHasNoUnclassifiedDifference"
"task11-final-classification","03B-shadow-equivalent-empty-ticks","battle-def-v2-turn180","ed4c3e21b1488e60","CombatSampleScene/CombatDemo#BattleTimeline._events","plans[i].impactTick","NewRule","ProjectHero.Tests.PlayMode.RuntimeOwnershipTests.ActionPlanAndLaneShadowProfileHasNoUnclassifiedDifference;ProjectHero.Tests.PlayMode.Task09ShadowProfileTests.CommandAndAiShadowProfileHasNoUnclassifiedDifference"
"task11-final-classification","03B-shadow-equivalent-empty-ticks","battle-def-v2-turn180","ed4c3e21b1488e60","CombatSampleScene/Player#CombatUnit","plans[i].submittedWindowId","NewRule","ProjectHero.Tests.PlayMode.RuntimeOwnershipTests.ActionPlanAndLaneShadowProfileHasNoUnclassifiedDifference;ProjectHero.Tests.PlayMode.Task09ShadowProfileTests.CommandAndAiShadowProfileHasNoUnclassifiedDifference"
"task11-final-classification","03B-shadow-equivalent-empty-ticks","battle-def-v2-turn180","ed4c3e21b1488e60","CombatSampleScene/CombatDemo#BattleTimeline._events","plans[i].terminationReason","NewRule","ProjectHero.Tests.PlayMode.RuntimeOwnershipTests.ActionPlanAndLaneShadowProfileHasNoUnclassifiedDifference;ProjectHero.Tests.PlayMode.Task09ShadowProfileTests.CommandAndAiShadowProfileHasNoUnclassifiedDifference"
"task11-final-classification","03B-shadow-equivalent-empty-ticks","battle-def-v2-turn180","ed4c3e21b1488e60","CombatSampleScene/Player#CombatUnit","actorLanes[i].pendingPlanCount","NewRule","ProjectHero.Tests.PlayMode.RuntimeOwnershipTests.ActionPlanAndLaneShadowProfileHasNoUnclassifiedDifference;ProjectHero.Tests.PlayMode.Task09ShadowProfileTests.CommandAndAiShadowProfileHasNoUnclassifiedDifference"
"task11-final-classification","03B-shadow-equivalent-empty-ticks","battle-def-v2-turn180","ed4c3e21b1488e60","CombatSampleScene/Player#CombatUnit","actorLanes[i].locked","NewRule","ProjectHero.Tests.PlayMode.RuntimeOwnershipTests.ActionPlanAndLaneShadowProfileHasNoUnclassifiedDifference;ProjectHero.Tests.PlayMode.Task09ShadowProfileTests.CommandAndAiShadowProfileHasNoUnclassifiedDifference"
"task11-final-classification","03B-shadow-equivalent-empty-ticks","battle-def-v2-turn180","ed4c3e21b1488e60","CombatSampleScene/CombatDemo#BattleTimeline._events","reactionOpportunities[i].state","NewRule","ProjectHero.Tests.PlayMode.RuntimeOwnershipTests.ActionPlanAndLaneShadowProfileHasNoUnclassifiedDifference;ProjectHero.Tests.PlayMode.Task09ShadowProfileTests.CommandAndAiShadowProfileHasNoUnclassifiedDifference"
"task11-final-classification","03B-shadow-equivalent-empty-ticks","battle-def-v2-turn180","ed4c3e21b1488e60","CombatSampleScene/CombatDemo#BattleTimeline._events","nextReactionOpportunityId","NewRule","ProjectHero.Tests.PlayMode.RuntimeOwnershipTests.ActionPlanAndLaneShadowProfileHasNoUnclassifiedDifference;ProjectHero.Tests.PlayMode.Task09ShadowProfileTests.CommandAndAiShadowProfileHasNoUnclassifiedDifference"
"task11-final-classification","03B-shadow-equivalent-empty-ticks","battle-def-v2-turn180","ed4c3e21b1488e60","CombatSampleScene/CombatDemo#BattleTimeline._events","terminalPlanRecordCount","NewRule","ProjectHero.Tests.PlayMode.RuntimeOwnershipTests.ActionPlanAndLaneShadowProfileHasNoUnclassifiedDifference;ProjectHero.Tests.PlayMode.Task09ShadowProfileTests.CommandAndAiShadowProfileHasNoUnclassifiedDifference"
"task11-final-classification","03B-shadow-equivalent-empty-ticks","battle-def-v2-turn180","ed4c3e21b1488e60","CombatSampleScene/Manager#GridManager.OccupancyMap","occupancy[i].anchor","NewRule","ProjectHero.Logic.Tests.Task06LogicGridTests.TerminalPlanNeverCommitsDestinationAtFormerEndTick;ProjectHero.Tests.PlayMode.RuntimeOwnershipTests.LogicGridMovementAndReservationShadowProfileHasNoUnclassifiedDifference"
"task11-final-classification","03B-shadow-equivalent-empty-ticks","battle-def-v2-turn180","ed4c3e21b1488e60","CombatSampleScene/Manager#Pathfinder","movementSegments[i].from","NewRule","ProjectHero.Logic.Tests.Task06LogicGridTests.TerminalPlanNeverCommitsDestinationAtFormerEndTick;ProjectHero.Tests.PlayMode.RuntimeOwnershipTests.LogicGridMovementAndReservationShadowProfileHasNoUnclassifiedDifference"
"task11-final-classification","03B-shadow-equivalent-empty-ticks","battle-def-v2-turn180","ed4c3e21b1488e60","CombatSampleScene/Manager#Pathfinder","movementSegments[i].to","NewRule","ProjectHero.Logic.Tests.Task06LogicGridTests.TerminalPlanNeverCommitsDestinationAtFormerEndTick;ProjectHero.Tests.PlayMode.RuntimeOwnershipTests.LogicGridMovementAndReservationShadowProfileHasNoUnclassifiedDifference"
"task11-final-classification","03B-shadow-equivalent-empty-ticks","battle-def-v2-turn180","ed4c3e21b1488e60","CombatSampleScene/Manager#Pathfinder","movementSegments[i].endTick","NewRule","ProjectHero.Logic.Tests.Task06LogicGridTests.TerminalPlanNeverCommitsDestinationAtFormerEndTick;ProjectHero.Tests.PlayMode.RuntimeOwnershipTests.LogicGridMovementAndReservationShadowProfileHasNoUnclassifiedDifference"
"task11-final-classification","03B-shadow-equivalent-empty-ticks","battle-def-v2-turn180","ed4c3e21b1488e60","CombatSampleScene/Manager#Pathfinder","reservations[i].cell","NewRule","ProjectHero.Logic.Tests.Task06LogicGridTests.TerminalPlanNeverCommitsDestinationAtFormerEndTick;ProjectHero.Tests.PlayMode.RuntimeOwnershipTests.LogicGridMovementAndReservationShadowProfileHasNoUnclassifiedDifference"
"task11-final-classification","03B-shadow-equivalent-empty-ticks","battle-def-v2-turn180","ed4c3e21b1488e60","CombatSampleScene/Player#UnitMovement","movementCommit[i].expectedFrom","NewRule","ProjectHero.Logic.Tests.Task06LogicGridTests.TerminalPlanNeverCommitsDestinationAtFormerEndTick;ProjectHero.Tests.PlayMode.RuntimeOwnershipTests.LogicGridMovementAndReservationShadowProfileHasNoUnclassifiedDifference"
"task11-final-classification","03B-shadow-equivalent-empty-ticks","battle-def-v2-turn180","ed4c3e21b1488e60","CombatSampleScene/Manager#Pathfinder","movementTerminal[i].segments","NewRule","ProjectHero.Logic.Tests.Task06LogicGridTests.TerminalPlanNeverCommitsDestinationAtFormerEndTick;ProjectHero.Tests.PlayMode.RuntimeOwnershipTests.LogicGridMovementAndReservationShadowProfileHasNoUnclassifiedDifference"
"task11-final-classification","03B-shadow-equivalent-empty-ticks","battle-def-v2-turn180","ed4c3e21b1488e60","CombatSampleScene/Manager#Pathfinder","movementTerminal[i].reservations","NewRule","ProjectHero.Logic.Tests.Task06LogicGridTests.TerminalPlanNeverCommitsDestinationAtFormerEndTick;ProjectHero.Tests.PlayMode.RuntimeOwnershipTests.LogicGridMovementAndReservationShadowProfileHasNoUnclassifiedDifference"
"task11-final-classification","03B-shadow-equivalent-empty-ticks","battle-def-v2-turn180","ed4c3e21b1488e60","CombatSampleScene/Manager#BattleManager","currentWindowId","NewRule","ProjectHero.Logic.Tests.Task07TurnWindowAndBudgetTests.BudgetLedgerInvariantHoldsAcrossReserveAdjustAndRelease;ProjectHero.Logic.Tests.Task07TurnWindowAndBudgetTests.ReleasingClosedWindowReservationDoesNotReopenSubmissions;ProjectHero.Tests.PlayMode.RuntimeOwnershipTests.TurnWindowBudgetAndAuthorityShadowProfileHasNoUnclassifiedDifference"
"task11-final-classification","03B-shadow-equivalent-empty-ticks","battle-def-v2-turn180","ed4c3e21b1488e60","CombatSampleScene/Manager#BattleManager","windows.count","NewRule","ProjectHero.Logic.Tests.Task07TurnWindowAndBudgetTests.BudgetLedgerInvariantHoldsAcrossReserveAdjustAndRelease;ProjectHero.Logic.Tests.Task07TurnWindowAndBudgetTests.ReleasingClosedWindowReservationDoesNotReopenSubmissions;ProjectHero.Tests.PlayMode.RuntimeOwnershipTests.TurnWindowBudgetAndAuthorityShadowProfileHasNoUnclassifiedDifference"
"task11-final-classification","03B-shadow-equivalent-empty-ticks","battle-def-v2-turn180","ed4c3e21b1488e60","CombatSampleScene/Manager#BattleManager","windows[i].openedAtTick","NewRule","ProjectHero.Logic.Tests.Task07TurnWindowAndBudgetTests.BudgetLedgerInvariantHoldsAcrossReserveAdjustAndRelease;ProjectHero.Logic.Tests.Task07TurnWindowAndBudgetTests.ReleasingClosedWindowReservationDoesNotReopenSubmissions;ProjectHero.Tests.PlayMode.RuntimeOwnershipTests.TurnWindowBudgetAndAuthorityShadowProfileHasNoUnclassifiedDifference"
"task11-final-classification","03B-shadow-equivalent-empty-ticks","battle-def-v2-turn180","ed4c3e21b1488e60","CombatSampleScene/Manager#BattleManager","windows[i].isOpen","NewRule","ProjectHero.Logic.Tests.Task07TurnWindowAndBudgetTests.BudgetLedgerInvariantHoldsAcrossReserveAdjustAndRelease;ProjectHero.Logic.Tests.Task07TurnWindowAndBudgetTests.ReleasingClosedWindowReservationDoesNotReopenSubmissions;ProjectHero.Tests.PlayMode.RuntimeOwnershipTests.TurnWindowBudgetAndAuthorityShadowProfileHasNoUnclassifiedDifference"
"task11-final-classification","03B-shadow-equivalent-empty-ticks","battle-def-v2-turn180","ed4c3e21b1488e60","CombatSampleScene/Manager#BattleManager","windows[i].isAcceptingSubmissions","NewRule","ProjectHero.Logic.Tests.Task07TurnWindowAndBudgetTests.BudgetLedgerInvariantHoldsAcrossReserveAdjustAndRelease;ProjectHero.Logic.Tests.Task07TurnWindowAndBudgetTests.ReleasingClosedWindowReservationDoesNotReopenSubmissions;ProjectHero.Tests.PlayMode.RuntimeOwnershipTests.TurnWindowBudgetAndAuthorityShadowProfileHasNoUnclassifiedDifference"
"task11-final-classification","03B-shadow-equivalent-empty-ticks","battle-def-v2-turn180","ed4c3e21b1488e60","CombatSampleScene/Manager#BattleManager","windows[i].closeReason","NewRule","ProjectHero.Logic.Tests.Task07TurnWindowAndBudgetTests.BudgetLedgerInvariantHoldsAcrossReserveAdjustAndRelease;ProjectHero.Logic.Tests.Task07TurnWindowAndBudgetTests.ReleasingClosedWindowReservationDoesNotReopenSubmissions;ProjectHero.Tests.PlayMode.RuntimeOwnershipTests.TurnWindowBudgetAndAuthorityShadowProfileHasNoUnclassifiedDifference"
"task11-final-classification","03B-shadow-equivalent-empty-ticks","battle-def-v2-turn180","ed4c3e21b1488e60","CombatSampleScene/Manager#BattleManager","windows[i].totalBudgetTicks","NewRule","ProjectHero.Logic.Tests.Task07TurnWindowAndBudgetTests.BudgetLedgerInvariantHoldsAcrossReserveAdjustAndRelease;ProjectHero.Logic.Tests.Task07TurnWindowAndBudgetTests.ReleasingClosedWindowReservationDoesNotReopenSubmissions;ProjectHero.Tests.PlayMode.RuntimeOwnershipTests.TurnWindowBudgetAndAuthorityShadowProfileHasNoUnclassifiedDifference"
"task11-final-classification","03B-shadow-equivalent-empty-ticks","battle-def-v2-turn180","ed4c3e21b1488e60","CombatSampleScene/Manager#BattleManager","windows[i].reservedBudgetTicks","NewRule","ProjectHero.Logic.Tests.Task07TurnWindowAndBudgetTests.BudgetLedgerInvariantHoldsAcrossReserveAdjustAndRelease;ProjectHero.Logic.Tests.Task07TurnWindowAndBudgetTests.ReleasingClosedWindowReservationDoesNotReopenSubmissions;ProjectHero.Tests.PlayMode.RuntimeOwnershipTests.TurnWindowBudgetAndAuthorityShadowProfileHasNoUnclassifiedDifference"
"task11-final-classification","03B-shadow-equivalent-empty-ticks","battle-def-v2-turn180","ed4c3e21b1488e60","CombatSampleScene/Manager#BattleManager","windows[i].spentBudgetTicks","NewRule","ProjectHero.Logic.Tests.Task07TurnWindowAndBudgetTests.BudgetLedgerInvariantHoldsAcrossReserveAdjustAndRelease;ProjectHero.Logic.Tests.Task07TurnWindowAndBudgetTests.ReleasingClosedWindowReservationDoesNotReopenSubmissions;ProjectHero.Tests.PlayMode.RuntimeOwnershipTests.TurnWindowBudgetAndAuthorityShadowProfileHasNoUnclassifiedDifference"
"task11-final-classification","03B-shadow-equivalent-empty-ticks","battle-def-v2-turn180","ed4c3e21b1488e60","CombatSampleScene/Manager#BattleManager","windows[i].availableBudgetTicks","NewRule","ProjectHero.Logic.Tests.Task07TurnWindowAndBudgetTests.BudgetLedgerInvariantHoldsAcrossReserveAdjustAndRelease;ProjectHero.Logic.Tests.Task07TurnWindowAndBudgetTests.ReleasingClosedWindowReservationDoesNotReopenSubmissions;ProjectHero.Tests.PlayMode.RuntimeOwnershipTests.TurnWindowBudgetAndAuthorityShadowProfileHasNoUnclassifiedDifference"
"task11-final-classification","03B-shadow-equivalent-empty-ticks","battle-def-v2-turn180","ed4c3e21b1488e60","CombatSampleScene/Manager#BattleManager","windows[i].reservations","NewRule","ProjectHero.Logic.Tests.Task07TurnWindowAndBudgetTests.BudgetLedgerInvariantHoldsAcrossReserveAdjustAndRelease;ProjectHero.Logic.Tests.Task07TurnWindowAndBudgetTests.ReleasingClosedWindowReservationDoesNotReopenSubmissions;ProjectHero.Tests.PlayMode.RuntimeOwnershipTests.TurnWindowBudgetAndAuthorityShadowProfileHasNoUnclassifiedDifference"
"task11-final-classification","03B-shadow-equivalent-empty-ticks","battle-def-v2-turn180","ed4c3e21b1488e60","CombatSampleScene/Manager#BattleManager","windows[i].budgetIdentity","NewRule","ProjectHero.Logic.Tests.Task07TurnWindowAndBudgetTests.BudgetLedgerInvariantHoldsAcrossReserveAdjustAndRelease;ProjectHero.Logic.Tests.Task07TurnWindowAndBudgetTests.ReleasingClosedWindowReservationDoesNotReopenSubmissions;ProjectHero.Tests.PlayMode.RuntimeOwnershipTests.TurnWindowBudgetAndAuthorityShadowProfileHasNoUnclassifiedDifference"
"task11-final-classification","03B-shadow-equivalent-empty-ticks","battle-def-v2-turn180","ed4c3e21b1488e60","CombatSampleScene/CombatDemo#BattleTimeline._timeAccumulator","nextWindowTick","NewRule","ProjectHero.Logic.Tests.Task07TurnWindowAndBudgetTests.BudgetLedgerInvariantHoldsAcrossReserveAdjustAndRelease;ProjectHero.Logic.Tests.Task07TurnWindowAndBudgetTests.ReleasingClosedWindowReservationDoesNotReopenSubmissions;ProjectHero.Tests.PlayMode.RuntimeOwnershipTests.TurnWindowBudgetAndAuthorityShadowProfileHasNoUnclassifiedDifference"
"task11-final-classification","03B-shadow-equivalent-empty-ticks","battle-def-v2-turn180","ed4c3e21b1488e60","CombatSampleScene/CombatDemo#BattleTimeline._timeAccumulator","lastClosedWindowId","NewRule","ProjectHero.Logic.Tests.Task07TurnWindowAndBudgetTests.BudgetLedgerInvariantHoldsAcrossReserveAdjustAndRelease;ProjectHero.Logic.Tests.Task07TurnWindowAndBudgetTests.ReleasingClosedWindowReservationDoesNotReopenSubmissions;ProjectHero.Tests.PlayMode.RuntimeOwnershipTests.TurnWindowBudgetAndAuthorityShadowProfileHasNoUnclassifiedDifference"
"task11-final-classification","03B-shadow-equivalent-empty-ticks","battle-def-v2-turn180","ed4c3e21b1488e60","CombatSampleScene/CombatDemo#BattleTimeline._timeAccumulator","resources.turnBudgetAvailable","NewRule","ProjectHero.Logic.Tests.Task07TurnWindowAndBudgetTests.BudgetLedgerInvariantHoldsAcrossReserveAdjustAndRelease;ProjectHero.Logic.Tests.Task07TurnWindowAndBudgetTests.ReleasingClosedWindowReservationDoesNotReopenSubmissions;ProjectHero.Tests.PlayMode.RuntimeOwnershipTests.TurnWindowBudgetAndAuthorityShadowProfileHasNoUnclassifiedDifference"
"task11-final-classification","03B-shadow-equivalent-empty-ticks","battle-def-v2-turn180","ed4c3e21b1488e60","CombatSampleScene/CombatDemo#BattleTimeline._timeAccumulator","resources.turnBudgetReserved","NewRule","ProjectHero.Logic.Tests.Task07TurnWindowAndBudgetTests.BudgetLedgerInvariantHoldsAcrossReserveAdjustAndRelease;ProjectHero.Logic.Tests.Task07TurnWindowAndBudgetTests.ReleasingClosedWindowReservationDoesNotReopenSubmissions;ProjectHero.Tests.PlayMode.RuntimeOwnershipTests.TurnWindowBudgetAndAuthorityShadowProfileHasNoUnclassifiedDifference"
"task11-final-classification","03B-shadow-equivalent-empty-ticks","battle-def-v2-turn180","ed4c3e21b1488e60","CombatSampleScene/CombatDemo#BattleTimeline._timeAccumulator","resources.turnBudgetSpent","NewRule","ProjectHero.Logic.Tests.Task07TurnWindowAndBudgetTests.BudgetLedgerInvariantHoldsAcrossReserveAdjustAndRelease;ProjectHero.Logic.Tests.Task07TurnWindowAndBudgetTests.ReleasingClosedWindowReservationDoesNotReopenSubmissions;ProjectHero.Tests.PlayMode.RuntimeOwnershipTests.TurnWindowBudgetAndAuthorityShadowProfileHasNoUnclassifiedDifference"
"task11-final-classification","03B-shadow-equivalent-empty-ticks","battle-def-v2-turn180","ed4c3e21b1488e60","CombatSampleScene/CombatDemo#BattleTimeline._timeAccumulator","resources.turnBudgetIdentity","NewRule","ProjectHero.Logic.Tests.Task07TurnWindowAndBudgetTests.BudgetLedgerInvariantHoldsAcrossReserveAdjustAndRelease;ProjectHero.Logic.Tests.Task07TurnWindowAndBudgetTests.ReleasingClosedWindowReservationDoesNotReopenSubmissions;ProjectHero.Tests.PlayMode.RuntimeOwnershipTests.TurnWindowBudgetAndAuthorityShadowProfileHasNoUnclassifiedDifference"
"task11-final-classification","03B-shadow-equivalent-empty-ticks","battle-def-v2-turn180","ed4c3e21b1488e60","CombatSampleScene/Core/Gameplay#TacticsController","concurrentAction.hasActiveAuthorization","NewRule","ProjectHero.Logic.Tests.Task07TurnWindowAndBudgetTests.ConcurrentActivationRejectsStaleWindow;ProjectHero.Logic.Tests.Task07TurnWindowAndBudgetTests.ConcurrentCostComesFromAbilityDefinition;ProjectHero.Tests.PlayMode.RuntimeOwnershipTests.TurnWindowBudgetAndAuthorityShadowProfileHasNoUnclassifiedDifference"
"task11-final-classification","03B-shadow-equivalent-empty-ticks","battle-def-v2-turn180","ed4c3e21b1488e60","CombatSampleScene/Core/Gameplay#TacticsController","concurrentAction.windowId","NewRule","ProjectHero.Logic.Tests.Task07TurnWindowAndBudgetTests.ConcurrentActivationRejectsStaleWindow;ProjectHero.Logic.Tests.Task07TurnWindowAndBudgetTests.ConcurrentCostComesFromAbilityDefinition;ProjectHero.Tests.PlayMode.RuntimeOwnershipTests.TurnWindowBudgetAndAuthorityShadowProfileHasNoUnclassifiedDifference"
"task11-final-classification","03B-shadow-equivalent-empty-ticks","battle-def-v2-turn180","ed4c3e21b1488e60","CombatSampleScene/Core/Gameplay#TacticsController","concurrentAction.playerUnitId","NewRule","ProjectHero.Logic.Tests.Task07TurnWindowAndBudgetTests.ConcurrentActivationRejectsStaleWindow;ProjectHero.Logic.Tests.Task07TurnWindowAndBudgetTests.ConcurrentCostComesFromAbilityDefinition;ProjectHero.Tests.PlayMode.RuntimeOwnershipTests.TurnWindowBudgetAndAuthorityShadowProfileHasNoUnclassifiedDifference"
"task11-final-classification","03B-shadow-equivalent-empty-ticks","battle-def-v2-turn180","ed4c3e21b1488e60","CombatSampleScene/Core/Gameplay#TacticsController","resources.metaResource","NewRule","ProjectHero.Logic.Tests.Task07TurnWindowAndBudgetTests.ConcurrentActivationRejectsStaleWindow;ProjectHero.Logic.Tests.Task07TurnWindowAndBudgetTests.ConcurrentCostComesFromAbilityDefinition;ProjectHero.Tests.PlayMode.RuntimeOwnershipTests.TurnWindowBudgetAndAuthorityShadowProfileHasNoUnclassifiedDifference"
"task11-final-classification","03B-shadow-equivalent-empty-ticks","battle-def-v2-turn180","ed4c3e21b1488e60","CombatSampleScene/Player#CombatUnit.CurrentAdrenaline","adrenaline[unitId].cycleId","NewRule","ProjectHero.Logic.Tests.Task07TurnWindowAndBudgetTests.OldCycleReservationSurvivesToTriggerButCannotRefundIntoNewCycle;ProjectHero.Tests.PlayMode.RuntimeOwnershipTests.TurnWindowBudgetAndAuthorityShadowProfileHasNoUnclassifiedDifference"
"task11-final-classification","03B-shadow-equivalent-empty-ticks","battle-def-v2-turn180","ed4c3e21b1488e60","CombatSampleScene/Player#CombatUnit.CurrentAdrenaline","adrenaline[unitId].reservations","NewRule","ProjectHero.Logic.Tests.Task07TurnWindowAndBudgetTests.OldCycleReservationSurvivesToTriggerButCannotRefundIntoNewCycle;ProjectHero.Tests.PlayMode.RuntimeOwnershipTests.TurnWindowBudgetAndAuthorityShadowProfileHasNoUnclassifiedDifference"
"task11-final-classification","03B-shadow-equivalent-empty-ticks","battle-def-v2-turn180","ed4c3e21b1488e60","CombatSampleScene/Player#CombatUnit.CurrentAdrenaline","adrenaline[unitId].reservedTotal","NewRule","ProjectHero.Logic.Tests.Task07TurnWindowAndBudgetTests.OldCycleReservationSurvivesToTriggerButCannotRefundIntoNewCycle;ProjectHero.Tests.PlayMode.RuntimeOwnershipTests.TurnWindowBudgetAndAuthorityShadowProfileHasNoUnclassifiedDifference"
"task11-final-classification","03B-shadow-equivalent-empty-ticks","battle-def-v2-turn180","ed4c3e21b1488e60","CombatSampleScene/Player#CombatUnit.CurrentAdrenaline","units[i].adrenalineCycleId","NewRule","ProjectHero.Logic.Tests.Task07TurnWindowAndBudgetTests.OldCycleReservationSurvivesToTriggerButCannotRefundIntoNewCycle;ProjectHero.Tests.PlayMode.RuntimeOwnershipTests.TurnWindowBudgetAndAuthorityShadowProfileHasNoUnclassifiedDifference"
"task11-final-classification","03B-shadow-equivalent-empty-ticks","battle-def-v2-turn180","ed4c3e21b1488e60","CombatSampleScene/CombatDemo#BattleTimeline._events","plans[i].budgetCostTicks","NewRule","ProjectHero.Logic.Tests.Task07ForcedDisplacementBudgetTests.DodgeMoveInvalidationReleasesReservedToEachOriginalWindowExactlyOnce;ProjectHero.Logic.Tests.Task07TurnWindowAndBudgetTests.CostIncreaseCannotTransferPlanBudgetToAnotherWindow;ProjectHero.Tests.PlayMode.RuntimeOwnershipTests.TurnWindowBudgetAndAuthorityShadowProfileHasNoUnclassifiedDifference"
"task11-final-classification","03B-shadow-equivalent-empty-ticks","battle-def-v2-turn180","ed4c3e21b1488e60","CombatSampleScene/CombatDemo#BattleTimeline._events","plans[i].reservedTurnBudgetTicks","NewRule","ProjectHero.Logic.Tests.Task07ForcedDisplacementBudgetTests.DodgeMoveInvalidationReleasesReservedToEachOriginalWindowExactlyOnce;ProjectHero.Logic.Tests.Task07TurnWindowAndBudgetTests.CostIncreaseCannotTransferPlanBudgetToAnotherWindow;ProjectHero.Tests.PlayMode.RuntimeOwnershipTests.TurnWindowBudgetAndAuthorityShadowProfileHasNoUnclassifiedDifference"
"task11-final-classification","03B-shadow-equivalent-empty-ticks","battle-def-v2-turn180","ed4c3e21b1488e60","CombatSampleScene/CombatDemo#BattleTimeline._events","plans[i].submittedWindowLedger","NewRule","ProjectHero.Logic.Tests.Task07ForcedDisplacementBudgetTests.DodgeMoveInvalidationReleasesReservedToEachOriginalWindowExactlyOnce;ProjectHero.Logic.Tests.Task07TurnWindowAndBudgetTests.CostIncreaseCannotTransferPlanBudgetToAnotherWindow;ProjectHero.Tests.PlayMode.RuntimeOwnershipTests.TurnWindowBudgetAndAuthorityShadowProfileHasNoUnclassifiedDifference"
"task11-final-classification","03B-shadow-equivalent-empty-ticks","battle-def-v2-turn180","ed4c3e21b1488e60","CombatSampleScene/Player#CombatUnit.CurrentHealth","stagedResolution.remainingHits","DiagnosticOnly","ProjectHero.Logic.Tests.Task08RemainingCoverageTests.TargetDamageAndImpulseCommitOnceInStableOrder;ProjectHero.Logic.Tests.Task08StagedResolutionIntegrationTests.StagedResolutionRunsAllFivePhasesAndCommitsDamageOncePerUnit"
