"Id","Category","ProposedResolution","Status","RulesVersion","DefinitionHash","PassedCases","LegacySource","NewSource","LegacySourceSha256","NewSourceSha256","OriginalReason"
"CombatSampleScene/Player#CombatUnit.CurrentAdrenaline#availableAdrenaline","ReplacedRepresentation","保留实际旧侧观测及共同字段比较；新量纲/生命周期单独按规则验收，不自动批准观测差异","RuleEvidenceVerified","battle-def-v2-turn180","ed4c3e21b1488e60","ProjectHero.Logic.Tests.Task07TurnWindowAndBudgetTests.AdrenalinePersistsAcrossOtherUnitsWindowsAndOwnWindowClose;ProjectHero.Logic.Tests.Task07TurnWindowAndBudgetTests.OwnersNextWindowOpenClearsAvailableAdrenalineBeforeCommands","Assets/Scripts/Core/Entities/CombatUnit.cs","Assets/Scripts/Logic/Resources/AdrenalineLedger.cs","0365E09FD9E66E304E26D48CE0BCC5F8CFC3794D0210CBCB663924CA944B241C","65BA33FDDA295EE8E6A287A18AE699A9AF8FA4DD815CEC120BD6B443F489FAB1","旧实现用浮点 CurrentAdrenaline 逐帧衰减（CombatUnit.Update，5/s），新内核用整数 AvailableAdrenaline + 个人 CycleId；量纲与生命周期都不同，在只读检查点无法稳定采样。任务 07 已把新侧模型落定（每单位 AdrenalineLedger：Available 不衰减、跨其他单位窗口保留、自己窗口打开时先递增 CycleId 再清零、预留按 ReservationCycleId 归属、Tick 末只接受规范聚合事实入账），但旧侧浮点衰减仍在逐帧改变取值 ⇒ 本条**仍**不可做字段级相等比较（不是被忽略，也不是被批准）。逐窗口/逐周期的真实比较在 Logic 对 Logic 通道上完成（Task07TurnWindowFacts，逐用例由 ShadowCasePolicy.CompareTurnWindowFacts 开启）；本条的迁移归属仍是任务 10（旧表现层最后一次读取旧字段之前）。"
"CombatSampleScene/Player#CombatUnit.CurrentStamina#staminaQ10","RemovedResource","按主方案删除资源验收；验证新侧无该资源及读取依赖；历史旧值保留在迁移记录","RuleEvidenceVerified","battle-def-v2-turn180","ed4c3e21b1488e60","ProjectHero.Tests.PlayMode.Task11ShadowClassificationTests.EveryFullShadowRegistrationHasExactClassificationAndExecutableEvidence","Assets/Scripts/Core/Entities/CombatUnit.cs","Assets/Scripts/Logic/Snapshots/LogicSnapshot.cs","0365E09FD9E66E304E26D48CE0BCC5F8CFC3794D0210CBCB663924CA944B241C","07CC73FE7C51137B4FF86406958366BD1DBE48929E96D32F9E80E4282F90F112","旧体力是 CombatUnit 浮点字段，新方案 1.2 已定移除；在新资源模型落地前没有对应字段可比较。任务 07 的整数预算与肾上腺素账本**都不映射**旧体力/专注（旧体力不再被任何 Logic 路径读取），因此本条不会因任务 07 而消失：它随旧字段一起在任务 10 的场景迁移中清零。"
"CombatSampleScene/Manager#BattleManager._battleEnded#battleEnd.isEnded","ReplacedRepresentation","保留实际旧侧观测及共同字段比较；新量纲/生命周期单独按规则验收，不自动批准观测差异","RuleEvidenceVerified","battle-def-v2-turn180","ed4c3e21b1488e60","ProjectHero.Tests.PlayMode.RuntimeOwnershipTests.ShadowStateFieldsAreReadLiveFromLegacySceneAndCanFail;ProjectHero.Tests.PlayMode.RuntimeOwnershipTests.StateDeathAndVictoryShadowProfileHasNoUnclassifiedDifference","Assets/Scripts/Core/Gameplay/BattleManager.cs","Assets/Scripts/Core/Compatibility/Authoring/BattleSimulationSourceFactory.cs","B533C5F17C7C6A01473F35EAC7607B9789D62C5E8458D02A9DEB2277EE3CF19B","14981397C7B0F2E5453DBA264FC17EB4ADC88B6084BF3A2DF683519C90B31693","旧胜负由 BattleManager 每帧轮询 + timeScale 慢放表达，新胜负由唯一 Finalizer 在 Step 阶段 2/16 原子提交；任务 04 已把旧侧结束标志真读（BattleManager.BattleEnded）并与 BattleEndSnapshot.IsEnded 做字段级比较，本登记项保留的是「旧侧结束时机（逐帧轮询、含 timeScale 慢放）与新侧阶段边界不同」这一语义差异，由任务 10 迁移旧胜负表现时收口。"
"CombatSampleScene/Player#CombatUnit.IsStaggered / IsKnockedDown / InWindup / InRecovery / IsMoving / CurrentHealth#units[i].state","ReplacedRepresentation","保留实际旧侧观测及共同字段比较；新量纲/生命周期单独按规则验收，不自动批准观测差异","RuleEvidenceVerified","battle-def-v2-turn180","ed4c3e21b1488e60","ProjectHero.Tests.PlayMode.RuntimeOwnershipTests.ShadowStateFieldsAreReadLiveFromLegacySceneAndCanFail;ProjectHero.Tests.PlayMode.RuntimeOwnershipTests.StateDeathAndVictoryShadowProfileHasNoUnclassifiedDifference","Assets/Scripts/Core/Entities/CombatUnit.cs","Assets/Scripts/Core/Compatibility/Authoring/BattleSimulationSourceFactory.cs","0365E09FD9E66E304E26D48CE0BCC5F8CFC3794D0210CBCB663924CA944B241C","14981397C7B0F2E5453DBA264FC17EB4ADC88B6084BF3A2DF683519C90B31693","旧侧状态由多个独立 bool 表达（无等价状态机），任务 04 已把它们按冻结规则推导为状态族标签并真读比较；本登记项保留的是覆盖边界：旧侧没有 Guarding/Blocking/Dodging 的等价事实（属任务 05/08 的计划状态），三者一旦出现在新侧就会与本标签不一致，届时必须把它们纳入比较并更新策略。"
"CombatSampleScene/Manager#BattleManager.EndMessage#battleEnd.resultCode","ReplacedRepresentation","保留实际旧侧观测及共同字段比较；新量纲/生命周期单独按规则验收，不自动批准观测差异","RuleEvidenceVerified","battle-def-v2-turn180","ed4c3e21b1488e60","ProjectHero.Tests.PlayMode.RuntimeOwnershipTests.ShadowStateFieldsAreReadLiveFromLegacySceneAndCanFail;ProjectHero.Tests.PlayMode.RuntimeOwnershipTests.StateDeathAndVictoryShadowProfileHasNoUnclassifiedDifference","Assets/Scripts/Core/Gameplay/BattleManager.cs","Assets/Scripts/Core/Compatibility/Authoring/BattleSimulationSourceFactory.cs","B533C5F17C7C6A01473F35EAC7607B9789D62C5E8458D02A9DEB2277EE3CF19B","14981397C7B0F2E5453DBA264FC17EB4ADC88B6084BF3A2DF683519C90B31693","覆盖边界登记项（与 battleEnd.isEnded / units[i].state 同类）：旧侧只有结束显示文本（BattleManager.EndMessage），没有与 Finalizer 对齐的结果码字段；任务 04 已真读该文本、按冻结规则派生结果码并把它纳入字段级比较（“无结果”的两种表示——旧侧空串、新侧 null——已归一为同一缺席事实，见 ShadowComparisonDetector.NormalizeAbsentCode），因此本条比较的鉴别力是「旧结束事实被真读且派生码与新侧一致」，而不是「两侧结束语义等价」。任务 10 迁移旧 UI 胜负表现时一并收口。"
"CombatSampleScene/CombatDemo#BattleTimeline._events#effects.count","ReplacedRepresentation","保留实际旧侧观测及共同字段比较；新量纲/生命周期单独按规则验收，不自动批准观测差异","RuleEvidenceVerified","battle-def-v2-turn180","ed4c3e21b1488e60","ProjectHero.Logic.Tests.StatusEffectKernelTests.EffectIdsAreUniqueAndMonotonicAcrossUnitsAndSpecs;ProjectHero.Logic.Tests.StatusEffectKernelTests.InsertionOrderDoesNotChangeOutcomeOrEventSequence","Assets/Scripts/Core/Timeline/BattleTimeline.cs","Assets/Scripts/Logic/Status/BuffSystem.cs","88F8FC716A49BDF56DBC0C000665F9317798DEBA5A4896DFFFD89B26453174BC","2F46BE4720C247793F66250042223C381C081F0C5DC59DA6FBBB311CCCB0C0BC","旧侧没有「效果」这一实体：它只有 BattleTimeline 的排程 Intent 列表，与新内核的 StatusEffect（任务 04）不是同一结构，计数不可比。"
"CombatSampleScene/CombatDemo#BattleTimeline._events#plans.count","ReplacedRepresentation","保留实际旧侧观测及共同字段比较；新量纲/生命周期单独按规则验收，不自动批准观测差异","RuleEvidenceVerified","battle-def-v2-turn180","ed4c3e21b1488e60","ProjectHero.Tests.PlayMode.RuntimeOwnershipTests.ActionPlanAndLaneShadowProfileHasNoUnclassifiedDifference;ProjectHero.Authoring.Tests.Task05.Task05StartGateAndTerminalTests.TerminalPlanLeavesEverySchedulableCollection","Assets/Scripts/Core/Timeline/BattleTimeline.cs","Assets/Scripts/Logic/Timeline/ActionPlanRegistry.cs","88F8FC716A49BDF56DBC0C000665F9317798DEBA5A4896DFFFD89B26453174BC","557322E9A977185A077A225106A658E3DA8000D83128A8F310E4590C10F04D42","旧侧计划由排程 Intent + CombatUnit 状态表达，新内核计划是 ActionPlan（任务 05）的显式实体；在任务 05 落地前计数不可对齐。"
"CombatSampleScene/CombatDemo#BattleTimeline._timeAccumulator#rng.state","NewRule","按指定字段的新规则断言、负对照和确定性回放验收；不伪造旧侧值","RuleEvidenceVerified","battle-def-v2-turn180","ed4c3e21b1488e60","ProjectHero.Tests.PlayMode.Task09ShadowProfileTests.CommandAndAiShadowProfileHasNoUnclassifiedDifference;ProjectHero.Authoring.Tests.Task03.ReplayContractTests.TickZeroReplayFromRecordedPlayerFactsReproducesIdenticalHashes","Assets/Scripts/Core/Timeline/BattleTimeline.cs","Assets/Scripts/Logic/Determinism/DeterministicRng.cs","88F8FC716A49BDF56DBC0C000665F9317798DEBA5A4896DFFFD89B26453174BC","79F01DD9961EEC6A2E16D98160576BC955C4E2BB9E57006C32AB3A6789BEE61F","旧运行时没有显式 RNG 状态可采样（随机性分散在旧表现与特效路径）；新内核 RNG 状态是确定性基础设施事实，但旧侧无对应可比较值。"
"CombatSampleScene/CombatDemo#BattleTimeline._events#intents.count","ReplacedRepresentation","保留实际旧侧观测及共同字段比较；新量纲/生命周期单独按规则验收，不自动批准观测差异","RuleEvidenceVerified","battle-def-v2-turn180","ed4c3e21b1488e60","ProjectHero.Tests.PlayMode.Task09ShadowProfileTests.CommandAndAiShadowProfileHasNoUnclassifiedDifference;ProjectHero.Authoring.Tests.Task05.Task05SimulationWiringTests.ImpactTickTransitionsToRecoveryAndStillEmitsIntent","Assets/Scripts/Core/Timeline/BattleTimeline.cs","Assets/Scripts/Logic/Simulation/BattleSimulation.cs","88F8FC716A49BDF56DBC0C000665F9317798DEBA5A4896DFFFD89B26453174BC","D0901174D11EAFC71AC1B223E8267FC5A44BABDE9C4F0B076117E5F5DCD1BEF3","旧侧 Intent 只以 BattleTimeline 排程条目存在且无独立序号空间，新内核 Intent 由任务 08 的事件/意图系统产生；两者计数不可比。"
"CombatSampleScene/CombatDemo#BattleTimeline._events#scheduledEventCount","ReplacedRepresentation","保留实际旧侧观测及共同字段比较；新量纲/生命周期单独按规则验收，不自动批准观测差异","RuleEvidenceVerified","battle-def-v2-turn180","ed4c3e21b1488e60","ProjectHero.Tests.PlayMode.RuntimeOwnershipTests.ActionPlanAndLaneShadowProfileHasNoUnclassifiedDifference;ProjectHero.Authoring.Tests.Task05.Task05StartGateAndTerminalTests.TerminalPlanLeavesEverySchedulableCollection","Assets/Scripts/Core/Timeline/BattleTimeline.cs","Assets/Scripts/Logic/Timeline/ActionPlanRegistry.cs","88F8FC716A49BDF56DBC0C000665F9317798DEBA5A4896DFFFD89B26453174BC","557322E9A977185A077A225106A658E3DA8000D83128A8F310E4590C10F04D42","旧侧排程表条目数（任务 04 已真读 BattleTimeline.ScheduledEventCount）。它与新内核 StatusEffect/ActionPlan/Intent 不是同一结构，因此不进入字段级相等比较；本登记项的作用是留下「旧侧排程事实确实被真读」的观察，供负控制使用。"
"CombatSampleScene/CombatDemo#BattleTimeline._events#plans[i].state","NewRule","按指定字段的新规则断言、负对照和确定性回放验收；不伪造旧侧值","RuleEvidenceVerified","battle-def-v2-turn180","ed4c3e21b1488e60","ProjectHero.Tests.PlayMode.RuntimeOwnershipTests.ActionPlanAndLaneShadowProfileHasNoUnclassifiedDifference;ProjectHero.Tests.PlayMode.Task09ShadowProfileTests.CommandAndAiShadowProfileHasNoUnclassifiedDifference","Assets/Scripts/Core/Timeline/BattleTimeline.cs","Assets/Scripts/Logic/Timeline/ActionScheduleAuthority.cs","88F8FC716A49BDF56DBC0C000665F9317798DEBA5A4896DFFFD89B26453174BC","EE1EA822CDD0E244204D751842AFA766249AEEBB2FDD1A13E7FF2D2498A1D03D","旧侧没有 ActionPlan 对象，只有 BattleTimeline 排程条目与 CombatUnit 的若干独立 bool；Editable/Locked/Running/Completed/Terminated 这套生命周期状态在旧侧没有等价事实可采样。逐计划状态在 Logic 对 Logic 通道上真比较（Task05ScheduleFacts）。"
"CombatSampleScene/CombatDemo#BattleTimeline._events#plans[i].startTick","NewRule","按指定字段的新规则断言、负对照和确定性回放验收；不伪造旧侧值","RuleEvidenceVerified","battle-def-v2-turn180","ed4c3e21b1488e60","ProjectHero.Tests.PlayMode.RuntimeOwnershipTests.ActionPlanAndLaneShadowProfileHasNoUnclassifiedDifference;ProjectHero.Tests.PlayMode.Task09ShadowProfileTests.CommandAndAiShadowProfileHasNoUnclassifiedDifference","Assets/Scripts/Core/Timeline/BattleTimeline.cs","Assets/Scripts/Logic/Timeline/ActionScheduleAuthority.cs","88F8FC716A49BDF56DBC0C000665F9317798DEBA5A4896DFFFD89B26453174BC","EE1EA822CDD0E244204D751842AFA766249AEEBB2FDD1A13E7FF2D2498A1D03D","旧侧排程条目的时间语义是「队列位置 + 逐帧推进」，没有与新内核同口径的 StartTick/绝对 Tick 投影，因此无法在只读检查点上做字段级相等比较。"
"CombatSampleScene/CombatDemo#BattleTimeline._events#plans[i].lockedAtTick","NewRule","按指定字段的新规则断言、负对照和确定性回放验收；不伪造旧侧值","RuleEvidenceVerified","battle-def-v2-turn180","ed4c3e21b1488e60","ProjectHero.Tests.PlayMode.RuntimeOwnershipTests.ActionPlanAndLaneShadowProfileHasNoUnclassifiedDifference;ProjectHero.Tests.PlayMode.Task09ShadowProfileTests.CommandAndAiShadowProfileHasNoUnclassifiedDifference","Assets/Scripts/Core/Timeline/BattleTimeline.cs","Assets/Scripts/Logic/Timeline/ActionScheduleAuthority.cs","88F8FC716A49BDF56DBC0C000665F9317798DEBA5A4896DFFFD89B26453174BC","EE1EA822CDD0E244204D751842AFA766249AEEBB2FDD1A13E7FF2D2498A1D03D","旧侧没有「锁定」这一原子边界（动作是逐帧开始执行的），原子锁定/启动是任务 05 的新语义，旧侧不存在可比较事实。"
"CombatSampleScene/CombatDemo#BattleTimeline._events#plans[i].automaticDeferralCount","NewRule","按指定字段的新规则断言、负对照和确定性回放验收；不伪造旧侧值","RuleEvidenceVerified","battle-def-v2-turn180","ed4c3e21b1488e60","ProjectHero.Tests.PlayMode.RuntimeOwnershipTests.ActionPlanAndLaneShadowProfileHasNoUnclassifiedDifference;ProjectHero.Tests.PlayMode.Task09ShadowProfileTests.CommandAndAiShadowProfileHasNoUnclassifiedDifference","Assets/Scripts/Core/Timeline/BattleTimeline.cs","Assets/Scripts/Logic/Timeline/ActionScheduleAuthority.cs","88F8FC716A49BDF56DBC0C000665F9317798DEBA5A4896DFFFD89B26453174BC","EE1EA822CDD0E244204D751842AFA766249AEEBB2FDD1A13E7FF2D2498A1D03D","旧侧被控制状态阻塞时不做「确定性向右延期」，而是直接跳过本帧；系统自动延期次数是新语义，旧侧无对应计数。"
"CombatSampleScene/CombatDemo#BattleTimeline._events#plans[i].impactTick","NewRule","按指定字段的新规则断言、负对照和确定性回放验收；不伪造旧侧值","RuleEvidenceVerified","battle-def-v2-turn180","ed4c3e21b1488e60","ProjectHero.Tests.PlayMode.RuntimeOwnershipTests.ActionPlanAndLaneShadowProfileHasNoUnclassifiedDifference;ProjectHero.Tests.PlayMode.Task09ShadowProfileTests.CommandAndAiShadowProfileHasNoUnclassifiedDifference","Assets/Scripts/Core/Timeline/BattleTimeline.cs","Assets/Scripts/Logic/Timeline/ActionScheduleAuthority.cs","88F8FC716A49BDF56DBC0C000665F9317798DEBA5A4896DFFFD89B26453174BC","EE1EA822CDD0E244204D751842AFA766249AEEBB2FDD1A13E7FF2D2498A1D03D","旧侧攻击没有显式 ImpactTick 字段（命中时刻由动画事件与逐帧逻辑共同决定），Impact 与 Recovery 的绝对 Tick 边界在本任务才成为权威事实。"
"CombatSampleScene/Player#CombatUnit#plans[i].submittedWindowId","NewRule","按指定字段的新规则断言、负对照和确定性回放验收；不伪造旧侧值","RuleEvidenceVerified","battle-def-v2-turn180","ed4c3e21b1488e60","ProjectHero.Tests.PlayMode.RuntimeOwnershipTests.ActionPlanAndLaneShadowProfileHasNoUnclassifiedDifference;ProjectHero.Tests.PlayMode.Task09ShadowProfileTests.CommandAndAiShadowProfileHasNoUnclassifiedDifference","Assets/Scripts/Core/Entities/CombatUnit.cs","Assets/Scripts/Logic/Timeline/ActionScheduleAuthority.cs","0365E09FD9E66E304E26D48CE0BCC5F8CFC3794D0210CBCB663924CA944B241C","EE1EA822CDD0E244204D751842AFA766249AEEBB2FDD1A13E7FF2D2498A1D03D","旧侧窗口归属由 BattleManager 的占用状态表达，不挂在动作上；新内核把窗口归属记录为计划的审计字段且不参与执行过滤，两侧不可比。"
"CombatSampleScene/CombatDemo#BattleTimeline._events#plans[i].terminationReason","NewRule","按指定字段的新规则断言、负对照和确定性回放验收；不伪造旧侧值","RuleEvidenceVerified","battle-def-v2-turn180","ed4c3e21b1488e60","ProjectHero.Tests.PlayMode.RuntimeOwnershipTests.ActionPlanAndLaneShadowProfileHasNoUnclassifiedDifference;ProjectHero.Tests.PlayMode.Task09ShadowProfileTests.CommandAndAiShadowProfileHasNoUnclassifiedDifference","Assets/Scripts/Core/Timeline/BattleTimeline.cs","Assets/Scripts/Logic/Timeline/ActionScheduleAuthority.cs","88F8FC716A49BDF56DBC0C000665F9317798DEBA5A4896DFFFD89B26453174BC","EE1EA822CDD0E244204D751842AFA766249AEEBB2FDD1A13E7FF2D2498A1D03D","旧侧动作没有终态原因（被打断就是不再继续执行），13 项 ActionTerminationReason 是新内核的显式语义。"
"CombatSampleScene/Player#CombatUnit#actorLanes[i].pendingPlanCount","NewRule","按指定字段的新规则断言、负对照和确定性回放验收；不伪造旧侧值","RuleEvidenceVerified","battle-def-v2-turn180","ed4c3e21b1488e60","ProjectHero.Tests.PlayMode.RuntimeOwnershipTests.ActionPlanAndLaneShadowProfileHasNoUnclassifiedDifference;ProjectHero.Tests.PlayMode.Task09ShadowProfileTests.CommandAndAiShadowProfileHasNoUnclassifiedDifference","Assets/Scripts/Core/Entities/CombatUnit.cs","Assets/Scripts/Logic/Timeline/ActionScheduleAuthority.cs","0365E09FD9E66E304E26D48CE0BCC5F8CFC3794D0210CBCB663924CA944B241C","EE1EA822CDD0E244204D751842AFA766249AEEBB2FDD1A13E7FF2D2498A1D03D","旧侧每单位的动作队列分散在 BattleTimeline 事件表与 CombatUnit 状态里，不存在「每单位一条全局 Lane」这一权威结构。"
"CombatSampleScene/Player#CombatUnit#actorLanes[i].locked","NewRule","按指定字段的新规则断言、负对照和确定性回放验收；不伪造旧侧值","RuleEvidenceVerified","battle-def-v2-turn180","ed4c3e21b1488e60","ProjectHero.Tests.PlayMode.RuntimeOwnershipTests.ActionPlanAndLaneShadowProfileHasNoUnclassifiedDifference;ProjectHero.Tests.PlayMode.Task09ShadowProfileTests.CommandAndAiShadowProfileHasNoUnclassifiedDifference","Assets/Scripts/Core/Entities/CombatUnit.cs","Assets/Scripts/Logic/Timeline/ActionScheduleAuthority.cs","0365E09FD9E66E304E26D48CE0BCC5F8CFC3794D0210CBCB663924CA944B241C","EE1EA822CDD0E244204D751842AFA766249AEEBB2FDD1A13E7FF2D2498A1D03D","旧侧没有「Lane 提交锁」（死亡后由控制流短路），锁定只阻止新提交、不清除已有计划这一语义在旧侧没有对应事实。"
"CombatSampleScene/CombatDemo#BattleTimeline._events#reactionOpportunities[i].state","NewRule","按指定字段的新规则断言、负对照和确定性回放验收；不伪造旧侧值","RuleEvidenceVerified","battle-def-v2-turn180","ed4c3e21b1488e60","ProjectHero.Tests.PlayMode.RuntimeOwnershipTests.ActionPlanAndLaneShadowProfileHasNoUnclassifiedDifference;ProjectHero.Tests.PlayMode.Task09ShadowProfileTests.CommandAndAiShadowProfileHasNoUnclassifiedDifference","Assets/Scripts/Core/Timeline/BattleTimeline.cs","Assets/Scripts/Logic/Timeline/ActionScheduleAuthority.cs","88F8FC716A49BDF56DBC0C000665F9317798DEBA5A4896DFFFD89B26453174BC","EE1EA822CDD0E244204D751842AFA766249AEEBB2FDD1A13E7FF2D2498A1D03D","旧侧没有 ReactionOpportunity 对象：Block/Dodge 是直接播放的动作，没有机会状态机、逐选项截止与关闭原因可采样。"
"CombatSampleScene/CombatDemo#BattleTimeline._events#nextReactionOpportunityId","NewRule","按指定字段的新规则断言、负对照和确定性回放验收；不伪造旧侧值","RuleEvidenceVerified","battle-def-v2-turn180","ed4c3e21b1488e60","ProjectHero.Tests.PlayMode.RuntimeOwnershipTests.ActionPlanAndLaneShadowProfileHasNoUnclassifiedDifference;ProjectHero.Tests.PlayMode.Task09ShadowProfileTests.CommandAndAiShadowProfileHasNoUnclassifiedDifference","Assets/Scripts/Core/Timeline/BattleTimeline.cs","Assets/Scripts/Logic/Timeline/ActionScheduleAuthority.cs","88F8FC716A49BDF56DBC0C000665F9317798DEBA5A4896DFFFD89B26453174BC","EE1EA822CDD0E244204D751842AFA766249AEEBB2FDD1A13E7FF2D2498A1D03D","旧侧没有机会 ID 空间；新内核的机会 ID 由权威排程器分配并进入规范化快照。"
"CombatSampleScene/CombatDemo#BattleTimeline._events#terminalPlanRecordCount","NewRule","按指定字段的新规则断言、负对照和确定性回放验收；不伪造旧侧值","RuleEvidenceVerified","battle-def-v2-turn180","ed4c3e21b1488e60","ProjectHero.Tests.PlayMode.RuntimeOwnershipTests.ActionPlanAndLaneShadowProfileHasNoUnclassifiedDifference;ProjectHero.Tests.PlayMode.Task09ShadowProfileTests.CommandAndAiShadowProfileHasNoUnclassifiedDifference","Assets/Scripts/Core/Timeline/BattleTimeline.cs","Assets/Scripts/Logic/Timeline/ActionScheduleAuthority.cs","88F8FC716A49BDF56DBC0C000665F9317798DEBA5A4896DFFFD89B26453174BC","EE1EA822CDD0E244204D751842AFA766249AEEBB2FDD1A13E7FF2D2498A1D03D","旧侧没有「终态计划历史 + 增量摘要」这一结构（任务 03 归档协议是新的）。"
"CombatSampleScene/Manager#GridManager.OccupancyMap#occupancy[i].anchor","NewRule","按指定字段的新规则断言、负对照和确定性回放验收；不伪造旧侧值","RuleEvidenceVerified","battle-def-v2-turn180","ed4c3e21b1488e60","ProjectHero.Tests.PlayMode.RuntimeOwnershipTests.LogicGridMovementAndReservationShadowProfileHasNoUnclassifiedDifference;ProjectHero.Logic.Tests.Task06LogicGridTests.TerminalPlanNeverCommitsDestinationAtFormerEndTick","Assets/Scripts/Core/Grid/GridManager.cs","Assets/Scripts/Logic/Movement/LogicGridMovementAuthority.cs","88EA29E3F9C534F78B4867AA26E01B6F65D3E8D44FF98450309E27CCC3C64211","A4E41BA99C10CF83685D67D884800B1729F481B004066D0700CCCE0370EC298E","旧侧没有 LogicGrid 占位权威：占位由 GridManager.OccupancyMap 与 Transform 位置共同表达，单位锚点的权威值只存在于新逻辑层。旧侧可比较的空间事实是 CombatUnit.GridPosition（已作为 units[i].position 真读比较），而不是逐单位逻辑格锚点。"
"CombatSampleScene/Manager#Pathfinder#movementSegments[i].from","NewRule","按指定字段的新规则断言、负对照和确定性回放验收；不伪造旧侧值","RuleEvidenceVerified","battle-def-v2-turn180","ed4c3e21b1488e60","ProjectHero.Tests.PlayMode.RuntimeOwnershipTests.LogicGridMovementAndReservationShadowProfileHasNoUnclassifiedDifference;ProjectHero.Logic.Tests.Task06LogicGridTests.TerminalPlanNeverCommitsDestinationAtFormerEndTick","Assets/Scripts/Core/Pathfinding/Pathfinder.cs","Assets/Scripts/Logic/Movement/LogicGridMovementAuthority.cs","B8E35F4459F68211BC128305D6366FD4A2E9628270BC9441A322DA4658D7A043","A4E41BA99C10CF83685D67D884800B1729F481B004066D0700CCCE0370EC298E","旧侧没有 MovementSegment 对象：移动由 UnitMovement 的逐帧插值表示，没有 (ActionPlanId, StepIndex) 定位的离散段与 From/To 半开区间。"
"CombatSampleScene/Manager#Pathfinder#movementSegments[i].to","NewRule","按指定字段的新规则断言、负对照和确定性回放验收；不伪造旧侧值","RuleEvidenceVerified","battle-def-v2-turn180","ed4c3e21b1488e60","ProjectHero.Tests.PlayMode.RuntimeOwnershipTests.LogicGridMovementAndReservationShadowProfileHasNoUnclassifiedDifference;ProjectHero.Logic.Tests.Task06LogicGridTests.TerminalPlanNeverCommitsDestinationAtFormerEndTick","Assets/Scripts/Core/Pathfinding/Pathfinder.cs","Assets/Scripts/Logic/Movement/LogicGridMovementAuthority.cs","B8E35F4459F68211BC128305D6366FD4A2E9628270BC9441A322DA4658D7A043","A4E41BA99C10CF83685D67D884800B1729F481B004066D0700CCCE0370EC298E","旧侧没有段的目的格这一权威事实：落点由逐帧插值与 transform 位置表达，无法在只读检查点上与离散段的 To 做字段级比较。"
"CombatSampleScene/Manager#Pathfinder#movementSegments[i].endTick","NewRule","按指定字段的新规则断言、负对照和确定性回放验收；不伪造旧侧值","RuleEvidenceVerified","battle-def-v2-turn180","ed4c3e21b1488e60","ProjectHero.Tests.PlayMode.RuntimeOwnershipTests.LogicGridMovementAndReservationShadowProfileHasNoUnclassifiedDifference;ProjectHero.Logic.Tests.Task06LogicGridTests.TerminalPlanNeverCommitsDestinationAtFormerEndTick","Assets/Scripts/Core/Pathfinding/Pathfinder.cs","Assets/Scripts/Logic/Movement/LogicGridMovementAuthority.cs","B8E35F4459F68211BC128305D6366FD4A2E9628270BC9441A322DA4658D7A043","A4E41BA99C10CF83685D67D884800B1729F481B004066D0700CCCE0370EC298E","旧侧移动的结束时刻由动画/插值进度决定，没有与新内核同口径的绝对 EndTick，因此'命令前边界在 EndTick 原子提交'这一事实在旧侧不可采样。"
"CombatSampleScene/Manager#Pathfinder#reservations[i].cell","NewRule","按指定字段的新规则断言、负对照和确定性回放验收；不伪造旧侧值","RuleEvidenceVerified","battle-def-v2-turn180","ed4c3e21b1488e60","ProjectHero.Tests.PlayMode.RuntimeOwnershipTests.LogicGridMovementAndReservationShadowProfileHasNoUnclassifiedDifference;ProjectHero.Logic.Tests.Task06LogicGridTests.TerminalPlanNeverCommitsDestinationAtFormerEndTick","Assets/Scripts/Core/Pathfinding/Pathfinder.cs","Assets/Scripts/Logic/Movement/LogicGridMovementAuthority.cs","B8E35F4459F68211BC128305D6366FD4A2E9628270BC9441A322DA4658D7A043","A4E41BA99C10CF83685D67D884800B1729F481B004066D0700CCCE0370EC298E","旧侧没有空间 Reservation 这一对象：同时到达同一格的冲突由逐帧执行顺序与 Transform 距离隐式决定，没有'一格一持有者、先成功提交者持有'的权威结构可采样。"
"CombatSampleScene/Player#UnitMovement#movementCommit[i].expectedFrom","NewRule","按指定字段的新规则断言、负对照和确定性回放验收；不伪造旧侧值","RuleEvidenceVerified","battle-def-v2-turn180","ed4c3e21b1488e60","ProjectHero.Tests.PlayMode.RuntimeOwnershipTests.LogicGridMovementAndReservationShadowProfileHasNoUnclassifiedDifference;ProjectHero.Logic.Tests.Task06LogicGridTests.TerminalPlanNeverCommitsDestinationAtFormerEndTick","Assets/Scripts/Visuals/UnitMovement.cs","Assets/Scripts/Logic/Movement/LogicGridMovementAuthority.cs","B0F3FA9A22BEA5C5BB0D0C301CDB48E7868890EE48262C137CB1B81B9033F6BA","A4E41BA99C10CF83685D67D884800B1729F481B004066D0700CCCE0370EC298E","旧侧没有'未提交段'这一概念，因此没有'剩余路径起点必须等于当前锚点'的可采样事实。"
"CombatSampleScene/Manager#Pathfinder#movementTerminal[i].segments","NewRule","按指定字段的新规则断言、负对照和确定性回放验收；不伪造旧侧值","RuleEvidenceVerified","battle-def-v2-turn180","ed4c3e21b1488e60","ProjectHero.Tests.PlayMode.RuntimeOwnershipTests.LogicGridMovementAndReservationShadowProfileHasNoUnclassifiedDifference;ProjectHero.Logic.Tests.Task06LogicGridTests.TerminalPlanNeverCommitsDestinationAtFormerEndTick","Assets/Scripts/Core/Pathfinding/Pathfinder.cs","Assets/Scripts/Logic/Movement/LogicGridMovementAuthority.cs","B8E35F4459F68211BC128305D6366FD4A2E9628270BC9441A322DA4658D7A043","A4E41BA99C10CF83685D67D884800B1729F481B004066D0700CCCE0370EC298E","旧侧没有'计划终态后清理其移动段'这一结构：旧移动是逐帧插值，计划被打断即不再继续，不存在可逐条核对的残留段集合。"
"CombatSampleScene/Manager#Pathfinder#movementTerminal[i].reservations","NewRule","按指定字段的新规则断言、负对照和确定性回放验收；不伪造旧侧值","RuleEvidenceVerified","battle-def-v2-turn180","ed4c3e21b1488e60","ProjectHero.Tests.PlayMode.RuntimeOwnershipTests.LogicGridMovementAndReservationShadowProfileHasNoUnclassifiedDifference;ProjectHero.Logic.Tests.Task06LogicGridTests.TerminalPlanNeverCommitsDestinationAtFormerEndTick","Assets/Scripts/Core/Pathfinding/Pathfinder.cs","Assets/Scripts/Logic/Movement/LogicGridMovementAuthority.cs","B8E35F4459F68211BC128305D6366FD4A2E9628270BC9441A322DA4658D7A043","A4E41BA99C10CF83685D67D884800B1729F481B004066D0700CCCE0370EC298E","旧侧没有 Reservation 表，因此'计划终态后其全部预留已释放'在旧侧没有对应事实可采样。"
"CombatSampleScene/Manager#BattleManager#currentWindowId","NewRule","按指定字段的新规则断言、负对照和确定性回放验收；不伪造旧侧值","RuleEvidenceVerified","battle-def-v2-turn180","ed4c3e21b1488e60","ProjectHero.Tests.PlayMode.RuntimeOwnershipTests.TurnWindowBudgetAndAuthorityShadowProfileHasNoUnclassifiedDifference;ProjectHero.Logic.Tests.Task07TurnWindowAndBudgetTests.BudgetLedgerInvariantHoldsAcrossReserveAdjustAndRelease;ProjectHero.Logic.Tests.Task07TurnWindowAndBudgetTests.ReleasingClosedWindowReservationDoesNotReopenSubmissions","Assets/Scripts/Core/Gameplay/BattleManager.cs","Assets/Scripts/Logic/Turns/TurnWindowManager.cs","B533C5F17C7C6A01473F35EAC7607B9789D62C5E8458D02A9DEB2277EE3CF19B","6C70921D687C595D51D684474EC90651D9B66950BF3656E21C39A5070C9DE2B6","旧权威里不存在 TurnWindow 对象：提交权限与「预算归属」在旧玩法中不是显式状态（玩家可随时经 TacticsController 下达动作，系统按逐帧时间线推进），因此该字段在只读检查点上没有可采样的旧侧事实。逐窗口事实在 Logic 对 Logic 通道上真比较（Task07TurnWindowFacts）。（窗口 ID 计数器 nextWindowId 仍作为基础设施事实逐检查点比较；这里登记的是「哪个窗口是当前窗口」这一权限状态）"
"CombatSampleScene/Manager#BattleManager#windows.count","NewRule","按指定字段的新规则断言、负对照和确定性回放验收；不伪造旧侧值","RuleEvidenceVerified","battle-def-v2-turn180","ed4c3e21b1488e60","ProjectHero.Tests.PlayMode.RuntimeOwnershipTests.TurnWindowBudgetAndAuthorityShadowProfileHasNoUnclassifiedDifference;ProjectHero.Logic.Tests.Task07TurnWindowAndBudgetTests.BudgetLedgerInvariantHoldsAcrossReserveAdjustAndRelease;ProjectHero.Logic.Tests.Task07TurnWindowAndBudgetTests.ReleasingClosedWindowReservationDoesNotReopenSubmissions","Assets/Scripts/Core/Gameplay/BattleManager.cs","Assets/Scripts/Logic/Turns/TurnWindowManager.cs","B533C5F17C7C6A01473F35EAC7607B9789D62C5E8458D02A9DEB2277EE3CF19B","6C70921D687C595D51D684474EC90651D9B66950BF3656E21C39A5070C9DE2B6","旧权威里不存在 TurnWindow 对象：提交权限与「预算归属」在旧玩法中不是显式状态（玩家可随时经 TacticsController 下达动作，系统按逐帧时间线推进），因此该字段在只读检查点上没有可采样的旧侧事实。逐窗口事实在 Logic 对 Logic 通道上真比较（Task07TurnWindowFacts）。（含已关闭窗口的可审计账本，旧侧没有窗口对象可计数）"
"CombatSampleScene/Manager#BattleManager#windows[i].openedAtTick","NewRule","按指定字段的新规则断言、负对照和确定性回放验收；不伪造旧侧值","RuleEvidenceVerified","battle-def-v2-turn180","ed4c3e21b1488e60","ProjectHero.Tests.PlayMode.RuntimeOwnershipTests.TurnWindowBudgetAndAuthorityShadowProfileHasNoUnclassifiedDifference;ProjectHero.Logic.Tests.Task07TurnWindowAndBudgetTests.BudgetLedgerInvariantHoldsAcrossReserveAdjustAndRelease;ProjectHero.Logic.Tests.Task07TurnWindowAndBudgetTests.ReleasingClosedWindowReservationDoesNotReopenSubmissions","Assets/Scripts/Core/Gameplay/BattleManager.cs","Assets/Scripts/Logic/Turns/TurnWindowManager.cs","B533C5F17C7C6A01473F35EAC7607B9789D62C5E8458D02A9DEB2277EE3CF19B","6C70921D687C595D51D684474EC90651D9B66950BF3656E21C39A5070C9DE2B6","旧权威里不存在 TurnWindow 对象：提交权限与「预算归属」在旧玩法中不是显式状态（玩家可随时经 TacticsController 下达动作，系统按逐帧时间线推进），因此该字段在只读检查点上没有可采样的旧侧事实。逐窗口事实在 Logic 对 Logic 通道上真比较（Task07TurnWindowFacts）。（旧侧没有「窗口在哪个 Tick 打开」的权威边界）"
"CombatSampleScene/Manager#BattleManager#windows[i].isOpen","NewRule","按指定字段的新规则断言、负对照和确定性回放验收；不伪造旧侧值","RuleEvidenceVerified","battle-def-v2-turn180","ed4c3e21b1488e60","ProjectHero.Tests.PlayMode.RuntimeOwnershipTests.TurnWindowBudgetAndAuthorityShadowProfileHasNoUnclassifiedDifference;ProjectHero.Logic.Tests.Task07TurnWindowAndBudgetTests.BudgetLedgerInvariantHoldsAcrossReserveAdjustAndRelease;ProjectHero.Logic.Tests.Task07TurnWindowAndBudgetTests.ReleasingClosedWindowReservationDoesNotReopenSubmissions","Assets/Scripts/Core/Gameplay/BattleManager.cs","Assets/Scripts/Logic/Turns/TurnWindowManager.cs","B533C5F17C7C6A01473F35EAC7607B9789D62C5E8458D02A9DEB2277EE3CF19B","6C70921D687C595D51D684474EC90651D9B66950BF3656E21C39A5070C9DE2B6","旧权威里不存在 TurnWindow 对象：提交权限与「预算归属」在旧玩法中不是显式状态（玩家可随时经 TacticsController 下达动作，系统按逐帧时间线推进），因此该字段在只读检查点上没有可采样的旧侧事实。逐窗口事实在 Logic 对 Logic 通道上真比较（Task07TurnWindowFacts）。（旧侧没有「已请求关闭/已正式关闭」这两个分离的窗口位）"
"CombatSampleScene/Manager#BattleManager#windows[i].isAcceptingSubmissions","NewRule","按指定字段的新规则断言、负对照和确定性回放验收；不伪造旧侧值","RuleEvidenceVerified","battle-def-v2-turn180","ed4c3e21b1488e60","ProjectHero.Tests.PlayMode.RuntimeOwnershipTests.TurnWindowBudgetAndAuthorityShadowProfileHasNoUnclassifiedDifference;ProjectHero.Logic.Tests.Task07TurnWindowAndBudgetTests.BudgetLedgerInvariantHoldsAcrossReserveAdjustAndRelease;ProjectHero.Logic.Tests.Task07TurnWindowAndBudgetTests.ReleasingClosedWindowReservationDoesNotReopenSubmissions","Assets/Scripts/Core/Gameplay/BattleManager.cs","Assets/Scripts/Logic/Turns/TurnWindowManager.cs","B533C5F17C7C6A01473F35EAC7607B9789D62C5E8458D02A9DEB2277EE3CF19B","6C70921D687C595D51D684474EC90651D9B66950BF3656E21C39A5070C9DE2B6","旧权威里不存在 TurnWindow 对象：提交权限与「预算归属」在旧玩法中不是显式状态（玩家可随时经 TacticsController 下达动作，系统按逐帧时间线推进），因此该字段在只读检查点上没有可采样的旧侧事实。逐窗口事实在 Logic 对 Logic 通道上真比较（Task07TurnWindowFacts）。（旧侧没有「立即停止接受新增提交，但本 Tick 后续命令仍按稳定码拒绝」这一语义）"
"CombatSampleScene/Manager#BattleManager#windows[i].closeReason","NewRule","按指定字段的新规则断言、负对照和确定性回放验收；不伪造旧侧值","RuleEvidenceVerified","battle-def-v2-turn180","ed4c3e21b1488e60","ProjectHero.Tests.PlayMode.RuntimeOwnershipTests.TurnWindowBudgetAndAuthorityShadowProfileHasNoUnclassifiedDifference;ProjectHero.Logic.Tests.Task07TurnWindowAndBudgetTests.BudgetLedgerInvariantHoldsAcrossReserveAdjustAndRelease;ProjectHero.Logic.Tests.Task07TurnWindowAndBudgetTests.ReleasingClosedWindowReservationDoesNotReopenSubmissions","Assets/Scripts/Core/Gameplay/BattleManager.cs","Assets/Scripts/Logic/Turns/TurnWindowManager.cs","B533C5F17C7C6A01473F35EAC7607B9789D62C5E8458D02A9DEB2277EE3CF19B","6C70921D687C595D51D684474EC90651D9B66950BF3656E21C39A5070C9DE2B6","旧权威里不存在 TurnWindow 对象：提交权限与「预算归属」在旧玩法中不是显式状态（玩家可随时经 TacticsController 下达动作，系统按逐帧时间线推进），因此该字段在只读检查点上没有可采样的旧侧事实。逐窗口事实在 Logic 对 Logic 通道上真比较（Task07TurnWindowFacts）。（OwnerRequested/BudgetExhausted/OwnerDied/BattleEnded 四类关闭原因是新内核的显式语义）"
"CombatSampleScene/Manager#BattleManager#windows[i].totalBudgetTicks","NewRule","按指定字段的新规则断言、负对照和确定性回放验收；不伪造旧侧值","RuleEvidenceVerified","battle-def-v2-turn180","ed4c3e21b1488e60","ProjectHero.Tests.PlayMode.RuntimeOwnershipTests.TurnWindowBudgetAndAuthorityShadowProfileHasNoUnclassifiedDifference;ProjectHero.Logic.Tests.Task07TurnWindowAndBudgetTests.BudgetLedgerInvariantHoldsAcrossReserveAdjustAndRelease;ProjectHero.Logic.Tests.Task07TurnWindowAndBudgetTests.ReleasingClosedWindowReservationDoesNotReopenSubmissions","Assets/Scripts/Core/Gameplay/BattleManager.cs","Assets/Scripts/Logic/Turns/TurnWindowManager.cs","B533C5F17C7C6A01473F35EAC7607B9789D62C5E8458D02A9DEB2277EE3CF19B","6C70921D687C595D51D684474EC90651D9B66950BF3656E21C39A5070C9DE2B6","旧侧时间只有逐帧浮点累加器（BattleTimeline._timeAccumulator），既没有「按动作预留」的整数 Tick 预算，也没有 Available/Reserved/Spent 三态账本与恒等式（Reserved + Spent + Available == Total）；整数预算是任务 07 的新语义，旧侧无对应事实。"
"CombatSampleScene/Manager#BattleManager#windows[i].reservedBudgetTicks","NewRule","按指定字段的新规则断言、负对照和确定性回放验收；不伪造旧侧值","RuleEvidenceVerified","battle-def-v2-turn180","ed4c3e21b1488e60","ProjectHero.Tests.PlayMode.RuntimeOwnershipTests.TurnWindowBudgetAndAuthorityShadowProfileHasNoUnclassifiedDifference;ProjectHero.Logic.Tests.Task07TurnWindowAndBudgetTests.BudgetLedgerInvariantHoldsAcrossReserveAdjustAndRelease;ProjectHero.Logic.Tests.Task07TurnWindowAndBudgetTests.ReleasingClosedWindowReservationDoesNotReopenSubmissions","Assets/Scripts/Core/Gameplay/BattleManager.cs","Assets/Scripts/Logic/Turns/TurnWindowManager.cs","B533C5F17C7C6A01473F35EAC7607B9789D62C5E8458D02A9DEB2277EE3CF19B","6C70921D687C595D51D684474EC90651D9B66950BF3656E21C39A5070C9DE2B6","旧侧时间只有逐帧浮点累加器（BattleTimeline._timeAccumulator），既没有「按动作预留」的整数 Tick 预算，也没有 Available/Reserved/Spent 三态账本与恒等式（Reserved + Spent + Available == Total）；整数预算是任务 07 的新语义，旧侧无对应事实。"
"CombatSampleScene/Manager#BattleManager#windows[i].spentBudgetTicks","NewRule","按指定字段的新规则断言、负对照和确定性回放验收；不伪造旧侧值","RuleEvidenceVerified","battle-def-v2-turn180","ed4c3e21b1488e60","ProjectHero.Tests.PlayMode.RuntimeOwnershipTests.TurnWindowBudgetAndAuthorityShadowProfileHasNoUnclassifiedDifference;ProjectHero.Logic.Tests.Task07TurnWindowAndBudgetTests.BudgetLedgerInvariantHoldsAcrossReserveAdjustAndRelease;ProjectHero.Logic.Tests.Task07TurnWindowAndBudgetTests.ReleasingClosedWindowReservationDoesNotReopenSubmissions","Assets/Scripts/Core/Gameplay/BattleManager.cs","Assets/Scripts/Logic/Turns/TurnWindowManager.cs","B533C5F17C7C6A01473F35EAC7607B9789D62C5E8458D02A9DEB2277EE3CF19B","6C70921D687C595D51D684474EC90651D9B66950BF3656E21C39A5070C9DE2B6","旧侧时间只有逐帧浮点累加器（BattleTimeline._timeAccumulator），既没有「按动作预留」的整数 Tick 预算，也没有 Available/Reserved/Spent 三态账本与恒等式（Reserved + Spent + Available == Total）；整数预算是任务 07 的新语义，旧侧无对应事实。"
"CombatSampleScene/Manager#BattleManager#windows[i].availableBudgetTicks","NewRule","按指定字段的新规则断言、负对照和确定性回放验收；不伪造旧侧值","RuleEvidenceVerified","battle-def-v2-turn180","ed4c3e21b1488e60","ProjectHero.Tests.PlayMode.RuntimeOwnershipTests.TurnWindowBudgetAndAuthorityShadowProfileHasNoUnclassifiedDifference;ProjectHero.Logic.Tests.Task07TurnWindowAndBudgetTests.BudgetLedgerInvariantHoldsAcrossReserveAdjustAndRelease;ProjectHero.Logic.Tests.Task07TurnWindowAndBudgetTests.ReleasingClosedWindowReservationDoesNotReopenSubmissions","Assets/Scripts/Core/Gameplay/BattleManager.cs","Assets/Scripts/Logic/Turns/TurnWindowManager.cs","B533C5F17C7C6A01473F35EAC7607B9789D62C5E8458D02A9DEB2277EE3CF19B","6C70921D687C595D51D684474EC90651D9B66950BF3656E21C39A5070C9DE2B6","旧侧时间只有逐帧浮点累加器（BattleTimeline._timeAccumulator），既没有「按动作预留」的整数 Tick 预算，也没有 Available/Reserved/Spent 三态账本与恒等式（Reserved + Spent + Available == Total）；整数预算是任务 07 的新语义，旧侧无对应事实。"
"CombatSampleScene/Manager#BattleManager#windows[i].reservations","NewRule","按指定字段的新规则断言、负对照和确定性回放验收；不伪造旧侧值","RuleEvidenceVerified","battle-def-v2-turn180","ed4c3e21b1488e60","ProjectHero.Tests.PlayMode.RuntimeOwnershipTests.TurnWindowBudgetAndAuthorityShadowProfileHasNoUnclassifiedDifference;ProjectHero.Logic.Tests.Task07TurnWindowAndBudgetTests.BudgetLedgerInvariantHoldsAcrossReserveAdjustAndRelease;ProjectHero.Logic.Tests.Task07TurnWindowAndBudgetTests.ReleasingClosedWindowReservationDoesNotReopenSubmissions","Assets/Scripts/Core/Gameplay/BattleManager.cs","Assets/Scripts/Logic/Turns/TurnWindowManager.cs","B533C5F17C7C6A01473F35EAC7607B9789D62C5E8458D02A9DEB2277EE3CF19B","6C70921D687C595D51D684474EC90651D9B66950BF3656E21C39A5070C9DE2B6","旧侧时间只有逐帧浮点累加器（BattleTimeline._timeAccumulator），既没有「按动作预留」的整数 Tick 预算，也没有 Available/Reserved/Spent 三态账本与恒等式（Reserved + Spent + Available == Total）；整数预算是任务 07 的新语义，旧侧无对应事实。（按 ActionPlanId 归属的预留明细尤其不存在：旧侧动作没有「从哪个窗口预留了多少 Tick」这一事实）"
"CombatSampleScene/Manager#BattleManager#windows[i].budgetIdentity","NewRule","按指定字段的新规则断言、负对照和确定性回放验收；不伪造旧侧值","RuleEvidenceVerified","battle-def-v2-turn180","ed4c3e21b1488e60","ProjectHero.Tests.PlayMode.RuntimeOwnershipTests.TurnWindowBudgetAndAuthorityShadowProfileHasNoUnclassifiedDifference;ProjectHero.Logic.Tests.Task07TurnWindowAndBudgetTests.BudgetLedgerInvariantHoldsAcrossReserveAdjustAndRelease;ProjectHero.Logic.Tests.Task07TurnWindowAndBudgetTests.ReleasingClosedWindowReservationDoesNotReopenSubmissions","Assets/Scripts/Core/Gameplay/BattleManager.cs","Assets/Scripts/Logic/Turns/TurnWindowManager.cs","B533C5F17C7C6A01473F35EAC7607B9789D62C5E8458D02A9DEB2277EE3CF19B","6C70921D687C595D51D684474EC90651D9B66950BF3656E21C39A5070C9DE2B6","旧侧时间只有逐帧浮点累加器（BattleTimeline._timeAccumulator），既没有「按动作预留」的整数 Tick 预算，也没有 Available/Reserved/Spent 三态账本与恒等式（Reserved + Spent + Available == Total）；整数预算是任务 07 的新语义，旧侧无对应事实。（恒等式 Reserved + Spent + Available == Total 与预留明细合计一致性都是新侧不变量）"
"CombatSampleScene/CombatDemo#BattleTimeline._timeAccumulator#nextWindowTick","NewRule","按指定字段的新规则断言、负对照和确定性回放验收；不伪造旧侧值","RuleEvidenceVerified","battle-def-v2-turn180","ed4c3e21b1488e60","ProjectHero.Tests.PlayMode.RuntimeOwnershipTests.TurnWindowBudgetAndAuthorityShadowProfileHasNoUnclassifiedDifference;ProjectHero.Logic.Tests.Task07TurnWindowAndBudgetTests.BudgetLedgerInvariantHoldsAcrossReserveAdjustAndRelease;ProjectHero.Logic.Tests.Task07TurnWindowAndBudgetTests.ReleasingClosedWindowReservationDoesNotReopenSubmissions","Assets/Scripts/Core/Timeline/BattleTimeline.cs","Assets/Scripts/Logic/Turns/TurnWindowManager.cs","88F8FC716A49BDF56DBC0C000665F9317798DEBA5A4896DFFFD89B26453174BC","6C70921D687C595D51D684474EC90651D9B66950BF3656E21C39A5070C9DE2B6","旧权威里不存在 TurnWindow 对象：提交权限与「预算归属」在旧玩法中不是显式状态（玩家可随时经 TacticsController 下达动作，系统按逐帧时间线推进），因此该字段在只读检查点上没有可采样的旧侧事实。逐窗口事实在 Logic 对 Logic 通道上真比较（Task07TurnWindowFacts）。（旧侧没有「下一个窗口最早在哪一 Tick 打开」的排程事实）"
"CombatSampleScene/CombatDemo#BattleTimeline._timeAccumulator#lastClosedWindowId","NewRule","按指定字段的新规则断言、负对照和确定性回放验收；不伪造旧侧值","RuleEvidenceVerified","battle-def-v2-turn180","ed4c3e21b1488e60","ProjectHero.Tests.PlayMode.RuntimeOwnershipTests.TurnWindowBudgetAndAuthorityShadowProfileHasNoUnclassifiedDifference;ProjectHero.Logic.Tests.Task07TurnWindowAndBudgetTests.BudgetLedgerInvariantHoldsAcrossReserveAdjustAndRelease;ProjectHero.Logic.Tests.Task07TurnWindowAndBudgetTests.ReleasingClosedWindowReservationDoesNotReopenSubmissions","Assets/Scripts/Core/Timeline/BattleTimeline.cs","Assets/Scripts/Logic/Turns/TurnWindowManager.cs","88F8FC716A49BDF56DBC0C000665F9317798DEBA5A4896DFFFD89B26453174BC","6C70921D687C595D51D684474EC90651D9B66950BF3656E21C39A5070C9DE2B6","旧权威里不存在 TurnWindow 对象：提交权限与「预算归属」在旧玩法中不是显式状态（玩家可随时经 TacticsController 下达动作，系统按逐帧时间线推进），因此该字段在只读检查点上没有可采样的旧侧事实。逐窗口事实在 Logic 对 Logic 通道上真比较（Task07TurnWindowFacts）。（旧侧没有「最近关闭的窗口」这一审计事实）"
"CombatSampleScene/CombatDemo#BattleTimeline._timeAccumulator#resources.turnBudgetAvailable","NewRule","按指定字段的新规则断言、负对照和确定性回放验收；不伪造旧侧值","RuleEvidenceVerified","battle-def-v2-turn180","ed4c3e21b1488e60","ProjectHero.Tests.PlayMode.RuntimeOwnershipTests.TurnWindowBudgetAndAuthorityShadowProfileHasNoUnclassifiedDifference;ProjectHero.Logic.Tests.Task07TurnWindowAndBudgetTests.BudgetLedgerInvariantHoldsAcrossReserveAdjustAndRelease;ProjectHero.Logic.Tests.Task07TurnWindowAndBudgetTests.ReleasingClosedWindowReservationDoesNotReopenSubmissions","Assets/Scripts/Core/Timeline/BattleTimeline.cs","Assets/Scripts/Logic/Turns/TurnWindowManager.cs","88F8FC716A49BDF56DBC0C000665F9317798DEBA5A4896DFFFD89B26453174BC","6C70921D687C595D51D684474EC90651D9B66950BF3656E21C39A5070C9DE2B6","旧侧时间只有逐帧浮点累加器（BattleTimeline._timeAccumulator），既没有「按动作预留」的整数 Tick 预算，也没有 Available/Reserved/Spent 三态账本与恒等式（Reserved + Spent + Available == Total）；整数预算是任务 07 的新语义，旧侧无对应事实。"
"CombatSampleScene/CombatDemo#BattleTimeline._timeAccumulator#resources.turnBudgetReserved","NewRule","按指定字段的新规则断言、负对照和确定性回放验收；不伪造旧侧值","RuleEvidenceVerified","battle-def-v2-turn180","ed4c3e21b1488e60","ProjectHero.Tests.PlayMode.RuntimeOwnershipTests.TurnWindowBudgetAndAuthorityShadowProfileHasNoUnclassifiedDifference;ProjectHero.Logic.Tests.Task07TurnWindowAndBudgetTests.BudgetLedgerInvariantHoldsAcrossReserveAdjustAndRelease;ProjectHero.Logic.Tests.Task07TurnWindowAndBudgetTests.ReleasingClosedWindowReservationDoesNotReopenSubmissions","Assets/Scripts/Core/Timeline/BattleTimeline.cs","Assets/Scripts/Logic/Turns/TurnWindowManager.cs","88F8FC716A49BDF56DBC0C000665F9317798DEBA5A4896DFFFD89B26453174BC","6C70921D687C595D51D684474EC90651D9B66950BF3656E21C39A5070C9DE2B6","旧侧时间只有逐帧浮点累加器（BattleTimeline._timeAccumulator），既没有「按动作预留」的整数 Tick 预算，也没有 Available/Reserved/Spent 三态账本与恒等式（Reserved + Spent + Available == Total）；整数预算是任务 07 的新语义，旧侧无对应事实。"
"CombatSampleScene/CombatDemo#BattleTimeline._timeAccumulator#resources.turnBudgetSpent","NewRule","按指定字段的新规则断言、负对照和确定性回放验收；不伪造旧侧值","RuleEvidenceVerified","battle-def-v2-turn180","ed4c3e21b1488e60","ProjectHero.Tests.PlayMode.RuntimeOwnershipTests.TurnWindowBudgetAndAuthorityShadowProfileHasNoUnclassifiedDifference;ProjectHero.Logic.Tests.Task07TurnWindowAndBudgetTests.BudgetLedgerInvariantHoldsAcrossReserveAdjustAndRelease;ProjectHero.Logic.Tests.Task07TurnWindowAndBudgetTests.ReleasingClosedWindowReservationDoesNotReopenSubmissions","Assets/Scripts/Core/Timeline/BattleTimeline.cs","Assets/Scripts/Logic/Turns/TurnWindowManager.cs","88F8FC716A49BDF56DBC0C000665F9317798DEBA5A4896DFFFD89B26453174BC","6C70921D687C595D51D684474EC90651D9B66950BF3656E21C39A5070C9DE2B6","旧侧时间只有逐帧浮点累加器（BattleTimeline._timeAccumulator），既没有「按动作预留」的整数 Tick 预算，也没有 Available/Reserved/Spent 三态账本与恒等式（Reserved + Spent + Available == Total）；整数预算是任务 07 的新语义，旧侧无对应事实。"
"CombatSampleScene/CombatDemo#BattleTimeline._timeAccumulator#resources.turnBudgetIdentity","NewRule","按指定字段的新规则断言、负对照和确定性回放验收；不伪造旧侧值","RuleEvidenceVerified","battle-def-v2-turn180","ed4c3e21b1488e60","ProjectHero.Tests.PlayMode.RuntimeOwnershipTests.TurnWindowBudgetAndAuthorityShadowProfileHasNoUnclassifiedDifference;ProjectHero.Logic.Tests.Task07TurnWindowAndBudgetTests.BudgetLedgerInvariantHoldsAcrossReserveAdjustAndRelease;ProjectHero.Logic.Tests.Task07TurnWindowAndBudgetTests.ReleasingClosedWindowReservationDoesNotReopenSubmissions","Assets/Scripts/Core/Timeline/BattleTimeline.cs","Assets/Scripts/Logic/Turns/TurnWindowManager.cs","88F8FC716A49BDF56DBC0C000665F9317798DEBA5A4896DFFFD89B26453174BC","6C70921D687C595D51D684474EC90651D9B66950BF3656E21C39A5070C9DE2B6","旧侧时间只有逐帧浮点累加器（BattleTimeline._timeAccumulator），既没有「按动作预留」的整数 Tick 预算，也没有 Available/Reserved/Spent 三态账本与恒等式（Reserved + Spent + Available == Total）；整数预算是任务 07 的新语义，旧侧无对应事实。（全部窗口聚合的恒等式同样是新侧不变量）"
"CombatSampleScene/Core/Gameplay#TacticsController#concurrentAction.hasActiveAuthorization","NewRule","按指定字段的新规则断言、负对照和确定性回放验收；不伪造旧侧值","RuleEvidenceVerified","battle-def-v2-turn180","ed4c3e21b1488e60","ProjectHero.Tests.PlayMode.RuntimeOwnershipTests.TurnWindowBudgetAndAuthorityShadowProfileHasNoUnclassifiedDifference;ProjectHero.Logic.Tests.Task07TurnWindowAndBudgetTests.ConcurrentActivationRejectsStaleWindow;ProjectHero.Logic.Tests.Task07TurnWindowAndBudgetTests.ConcurrentCostComesFromAbilityDefinition","Assets/Scripts/Core/Gameplay/TacticsController.cs","Assets/Scripts/Logic/Simulation/BattleSimulation.cs","0AE68534D0B5BD1ECE53E2523F2947C6B0ABB5A220CFD2A02142A2457FE7B366","D0901174D11EAFC71AC1B223E8267FC5A44BABDE9C4F0B076117E5F5DCD1BEF3","旧侧没有「并发提交授权」这一对象：非窗口拥有者提交普通动作在旧玩法里不存在该概念，也没有由权威定义定价、按窗口撤销的一次性授权；旧侧无对应可采样事实。"
"CombatSampleScene/Core/Gameplay#TacticsController#concurrentAction.windowId","NewRule","按指定字段的新规则断言、负对照和确定性回放验收；不伪造旧侧值","RuleEvidenceVerified","battle-def-v2-turn180","ed4c3e21b1488e60","ProjectHero.Tests.PlayMode.RuntimeOwnershipTests.TurnWindowBudgetAndAuthorityShadowProfileHasNoUnclassifiedDifference;ProjectHero.Logic.Tests.Task07TurnWindowAndBudgetTests.ConcurrentActivationRejectsStaleWindow;ProjectHero.Logic.Tests.Task07TurnWindowAndBudgetTests.ConcurrentCostComesFromAbilityDefinition","Assets/Scripts/Core/Gameplay/TacticsController.cs","Assets/Scripts/Logic/Simulation/BattleSimulation.cs","0AE68534D0B5BD1ECE53E2523F2947C6B0ABB5A220CFD2A02142A2457FE7B366","D0901174D11EAFC71AC1B223E8267FC5A44BABDE9C4F0B076117E5F5DCD1BEF3","旧侧没有「并发提交授权」这一对象：非窗口拥有者提交普通动作在旧玩法里不存在该概念，也没有由权威定义定价、按窗口撤销的一次性授权；旧侧无对应可采样事实。（授权绑定到哪一个窗口同样是新侧事实）"
"CombatSampleScene/Core/Gameplay#TacticsController#concurrentAction.playerUnitId","NewRule","按指定字段的新规则断言、负对照和确定性回放验收；不伪造旧侧值","RuleEvidenceVerified","battle-def-v2-turn180","ed4c3e21b1488e60","ProjectHero.Tests.PlayMode.RuntimeOwnershipTests.TurnWindowBudgetAndAuthorityShadowProfileHasNoUnclassifiedDifference;ProjectHero.Logic.Tests.Task07TurnWindowAndBudgetTests.ConcurrentActivationRejectsStaleWindow;ProjectHero.Logic.Tests.Task07TurnWindowAndBudgetTests.ConcurrentCostComesFromAbilityDefinition","Assets/Scripts/Core/Gameplay/TacticsController.cs","Assets/Scripts/Logic/Simulation/BattleSimulation.cs","0AE68534D0B5BD1ECE53E2523F2947C6B0ABB5A220CFD2A02142A2457FE7B366","D0901174D11EAFC71AC1B223E8267FC5A44BABDE9C4F0B076117E5F5DCD1BEF3","旧侧没有「并发提交授权」这一对象：非窗口拥有者提交普通动作在旧玩法里不存在该概念，也没有由权威定义定价、按窗口撤销的一次性授权；旧侧无对应可采样事实。（「激活者」必须等于装配显式注入的主角单位，旧侧没有该身份）"
"CombatSampleScene/Core/Gameplay#TacticsController#resources.metaResource","NewRule","按指定字段的新规则断言、负对照和确定性回放验收；不伪造旧侧值","RuleEvidenceVerified","battle-def-v2-turn180","ed4c3e21b1488e60","ProjectHero.Tests.PlayMode.RuntimeOwnershipTests.TurnWindowBudgetAndAuthorityShadowProfileHasNoUnclassifiedDifference;ProjectHero.Logic.Tests.Task07TurnWindowAndBudgetTests.ConcurrentActivationRejectsStaleWindow;ProjectHero.Logic.Tests.Task07TurnWindowAndBudgetTests.ConcurrentCostComesFromAbilityDefinition","Assets/Scripts/Core/Gameplay/TacticsController.cs","Assets/Scripts/Logic/Simulation/BattleSimulation.cs","0AE68534D0B5BD1ECE53E2523F2947C6B0ABB5A220CFD2A02142A2457FE7B366","D0901174D11EAFC71AC1B223E8267FC5A44BABDE9C4F0B076117E5F5DCD1BEF3","旧侧局外资源没有被「按窗口一次、由权威定义定价」的消费通道：新侧并发激活的费用只来自 ConcurrentActionDefinition，并原子扣减唯一计数；旧侧没有对应的事实可采样（旧输入路径不消费该资源）。"
"CombatSampleScene/Player#CombatUnit.CurrentAdrenaline#adrenaline[unitId].cycleId","NewRule","按指定字段的新规则断言、负对照和确定性回放验收；不伪造旧侧值","RuleEvidenceVerified","battle-def-v2-turn180","ed4c3e21b1488e60","ProjectHero.Tests.PlayMode.RuntimeOwnershipTests.TurnWindowBudgetAndAuthorityShadowProfileHasNoUnclassifiedDifference;ProjectHero.Logic.Tests.Task07TurnWindowAndBudgetTests.OldCycleReservationSurvivesToTriggerButCannotRefundIntoNewCycle","Assets/Scripts/Core/Entities/CombatUnit.cs","Assets/Scripts/Logic/Resources/AdrenalineLedger.cs","0365E09FD9E66E304E26D48CE0BCC5F8CFC3794D0210CBCB663924CA944B241C","65BA33FDDA295EE8E6A287A18AE699A9AF8FA4DD815CEC120BD6B443F489FAB1","旧侧肾上腺素是 CombatUnit 的浮点 CurrentAdrenaline（逐帧衰减、没有个人周期号），新侧是每单位 AdrenalineLedger（整数 Available + CycleId + 按 ReservationCycleId 归属的预留）；周期号、预留明细与「自己窗口打开先递增周期再清零」这一时机在旧侧都没有对应事实。"
"CombatSampleScene/Player#CombatUnit.CurrentAdrenaline#adrenaline[unitId].reservations","NewRule","按指定字段的新规则断言、负对照和确定性回放验收；不伪造旧侧值","RuleEvidenceVerified","battle-def-v2-turn180","ed4c3e21b1488e60","ProjectHero.Tests.PlayMode.RuntimeOwnershipTests.TurnWindowBudgetAndAuthorityShadowProfileHasNoUnclassifiedDifference;ProjectHero.Logic.Tests.Task07TurnWindowAndBudgetTests.OldCycleReservationSurvivesToTriggerButCannotRefundIntoNewCycle","Assets/Scripts/Core/Entities/CombatUnit.cs","Assets/Scripts/Logic/Resources/AdrenalineLedger.cs","0365E09FD9E66E304E26D48CE0BCC5F8CFC3794D0210CBCB663924CA944B241C","65BA33FDDA295EE8E6A287A18AE699A9AF8FA4DD815CEC120BD6B443F489FAB1","旧侧肾上腺素是 CombatUnit 的浮点 CurrentAdrenaline（逐帧衰减、没有个人周期号），新侧是每单位 AdrenalineLedger（整数 Available + CycleId + 按 ReservationCycleId 归属的预留）；周期号、预留明细与「自己窗口打开先递增周期再清零」这一时机在旧侧都没有对应事实。（旧侧没有「按计划归属、带 ReservationCycleId」的预留明细）"
"CombatSampleScene/Player#CombatUnit.CurrentAdrenaline#adrenaline[unitId].reservedTotal","NewRule","按指定字段的新规则断言、负对照和确定性回放验收；不伪造旧侧值","RuleEvidenceVerified","battle-def-v2-turn180","ed4c3e21b1488e60","ProjectHero.Tests.PlayMode.RuntimeOwnershipTests.TurnWindowBudgetAndAuthorityShadowProfileHasNoUnclassifiedDifference;ProjectHero.Logic.Tests.Task07TurnWindowAndBudgetTests.OldCycleReservationSurvivesToTriggerButCannotRefundIntoNewCycle","Assets/Scripts/Core/Entities/CombatUnit.cs","Assets/Scripts/Logic/Resources/AdrenalineLedger.cs","0365E09FD9E66E304E26D48CE0BCC5F8CFC3794D0210CBCB663924CA944B241C","65BA33FDDA295EE8E6A287A18AE699A9AF8FA4DD815CEC120BD6B443F489FAB1","旧侧肾上腺素是 CombatUnit 的浮点 CurrentAdrenaline（逐帧衰减、没有个人周期号），新侧是每单位 AdrenalineLedger（整数 Available + CycleId + 按 ReservationCycleId 归属的预留）；周期号、预留明细与「自己窗口打开先递增周期再清零」这一时机在旧侧都没有对应事实。（预留合计同样不存在）"
"CombatSampleScene/Player#CombatUnit.CurrentAdrenaline#units[i].adrenalineCycleId","NewRule","按指定字段的新规则断言、负对照和确定性回放验收；不伪造旧侧值","RuleEvidenceVerified","battle-def-v2-turn180","ed4c3e21b1488e60","ProjectHero.Tests.PlayMode.RuntimeOwnershipTests.TurnWindowBudgetAndAuthorityShadowProfileHasNoUnclassifiedDifference;ProjectHero.Logic.Tests.Task07TurnWindowAndBudgetTests.OldCycleReservationSurvivesToTriggerButCannotRefundIntoNewCycle","Assets/Scripts/Core/Entities/CombatUnit.cs","Assets/Scripts/Logic/Resources/AdrenalineLedger.cs","0365E09FD9E66E304E26D48CE0BCC5F8CFC3794D0210CBCB663924CA944B241C","65BA33FDDA295EE8E6A287A18AE699A9AF8FA4DD815CEC120BD6B443F489FAB1","旧侧肾上腺素是 CombatUnit 的浮点 CurrentAdrenaline（逐帧衰减、没有个人周期号），新侧是每单位 AdrenalineLedger（整数 Available + CycleId + 按 ReservationCycleId 归属的预留）；周期号、预留明细与「自己窗口打开先递增周期再清零」这一时机在旧侧都没有对应事实。（单位只读镜像里的周期号在旧侧没有对应字段）"
"CombatSampleScene/CombatDemo#BattleTimeline._events#plans[i].budgetCostTicks","NewRule","按指定字段的新规则断言、负对照和确定性回放验收；不伪造旧侧值","RuleEvidenceVerified","battle-def-v2-turn180","ed4c3e21b1488e60","ProjectHero.Tests.PlayMode.RuntimeOwnershipTests.TurnWindowBudgetAndAuthorityShadowProfileHasNoUnclassifiedDifference;ProjectHero.Logic.Tests.Task07TurnWindowAndBudgetTests.CostIncreaseCannotTransferPlanBudgetToAnotherWindow;ProjectHero.Logic.Tests.Task07ForcedDisplacementBudgetTests.DodgeMoveInvalidationReleasesReservedToEachOriginalWindowExactlyOnce","Assets/Scripts/Core/Timeline/BattleTimeline.cs","Assets/Scripts/Logic/Turns/TurnWindow.cs","88F8FC716A49BDF56DBC0C000665F9317798DEBA5A4896DFFFD89B26453174BC","21FC6D5B8F312817B73608D829A59A211E62339C2ADBFF5EB47CAAF72496B6E4","旧侧时间只有逐帧浮点累加器（BattleTimeline._timeAccumulator），既没有「按动作预留」的整数 Tick 预算，也没有 Available/Reserved/Spent 三态账本与恒等式（Reserved + Spent + Available == Total）；整数预算是任务 07 的新语义，旧侧无对应事实。（动作的整数预算成本在旧侧由动画/时间线隐式决定，没有可比较字段）"
"CombatSampleScene/CombatDemo#BattleTimeline._events#plans[i].reservedTurnBudgetTicks","NewRule","按指定字段的新规则断言、负对照和确定性回放验收；不伪造旧侧值","RuleEvidenceVerified","battle-def-v2-turn180","ed4c3e21b1488e60","ProjectHero.Tests.PlayMode.RuntimeOwnershipTests.TurnWindowBudgetAndAuthorityShadowProfileHasNoUnclassifiedDifference;ProjectHero.Logic.Tests.Task07TurnWindowAndBudgetTests.CostIncreaseCannotTransferPlanBudgetToAnotherWindow;ProjectHero.Logic.Tests.Task07ForcedDisplacementBudgetTests.DodgeMoveInvalidationReleasesReservedToEachOriginalWindowExactlyOnce","Assets/Scripts/Core/Timeline/BattleTimeline.cs","Assets/Scripts/Logic/Turns/TurnWindow.cs","88F8FC716A49BDF56DBC0C000665F9317798DEBA5A4896DFFFD89B26453174BC","21FC6D5B8F312817B73608D829A59A211E62339C2ADBFF5EB47CAAF72496B6E4","旧侧时间只有逐帧浮点累加器（BattleTimeline._timeAccumulator），既没有「按动作预留」的整数 Tick 预算，也没有 Available/Reserved/Spent 三态账本与恒等式（Reserved + Spent + Available == Total）；整数预算是任务 07 的新语义，旧侧无对应事实。（计划当前持有的预留额同样是新侧投影）"
"CombatSampleScene/CombatDemo#BattleTimeline._events#plans[i].submittedWindowLedger","NewRule","按指定字段的新规则断言、负对照和确定性回放验收；不伪造旧侧值","RuleEvidenceVerified","battle-def-v2-turn180","ed4c3e21b1488e60","ProjectHero.Tests.PlayMode.RuntimeOwnershipTests.TurnWindowBudgetAndAuthorityShadowProfileHasNoUnclassifiedDifference;ProjectHero.Logic.Tests.Task07TurnWindowAndBudgetTests.CostIncreaseCannotTransferPlanBudgetToAnotherWindow;ProjectHero.Logic.Tests.Task07ForcedDisplacementBudgetTests.DodgeMoveInvalidationReleasesReservedToEachOriginalWindowExactlyOnce","Assets/Scripts/Core/Timeline/BattleTimeline.cs","Assets/Scripts/Logic/Turns/TurnWindow.cs","88F8FC716A49BDF56DBC0C000665F9317798DEBA5A4896DFFFD89B26453174BC","21FC6D5B8F312817B73608D829A59A211E62339C2ADBFF5EB47CAAF72496B6E4","旧权威里不存在 TurnWindow 对象：提交权限与「预算归属」在旧玩法中不是显式状态（玩家可随时经 TacticsController 下达动作，系统按逐帧时间线推进），因此该字段在只读检查点上没有可采样的旧侧事实。逐窗口事实在 Logic 对 Logic 通道上真比较（Task07TurnWindowFacts）。（「计划跨窗口切换时其来源窗口账本逐字不变」这条不变量的旧侧对应事实不存在：旧侧动作根本没有窗口归属；plans[i].submittedWindowId 本身已由任务 05 的登记项覆盖）"
"CombatSampleScene/Player#CombatUnit.CurrentHealth#stagedResolution.remainingHits","DiagnosticOnly","按真实提交事件与独立聚合断言验收；保持诊断不参与权威哈希","RuleEvidenceVerified","battle-def-v2-turn180","ed4c3e21b1488e60","ProjectHero.Logic.Tests.Task08StagedResolutionIntegrationTests.StagedResolutionRunsAllFivePhasesAndCommitsDamageOncePerUnit;ProjectHero.Logic.Tests.Task08RemainingCoverageTests.TargetDamageAndImpulseCommitOnceInStableOrder","Assets/Scripts/Core/Entities/CombatUnit.cs","Assets/Scripts/Logic/Interactions/StagedConflictResolution.cs","0365E09FD9E66E304E26D48CE0BCC5F8CFC3794D0210CBCB663924CA944B241C","D79462D8743E5FCE916F1E163A445AD183DA25B0A66F6F39380EA33C27F390DF","旧权威里没有「按目标聚合的分阶段求解结果」这一对象：伤害在旧实现里逐次直接扣减CombatUnit 生命，没有「同 Tick 多个来源指向同一目标后按通道聚合」的可采样中间事实。新侧的 StagedResolution 是**只读诊断面、不进快照哈希**（08 交接 §4.5），因此它同样不进快照对快照通道的可比面——两条通道都不比较，故必须逐条登记：不是「被忽略」，也不是「被批准」。四类真事实（Intent 载荷 / 冲突组 / 接触键 / AI 决策状态）**不在此登记**，因为它们在快照通道上已被 Task08AiAndArbitrationFacts 逐字段真比较。"
